turn_number,my_active_hp_ratio,opp_active_hp_ratio,my_bench_count,opp_bench_count,my_prizes_left,opp_prizes_left,my_energy_in_hand,my_hand_size,action_is_ATTACK,action_is_RETREAT,action_is_ATTACH_ENERGY,action_is_PLAY_SUPPORTER,action_is_PLAY_BASIC_TO_BENCH,action_is_EVOLVE,action_is_USE_ABILITY,action_is_PASS_TURN,action_type,immediate_reward,state_value_delta,turn,game_outcome,game_id
1.0,1.0,1.0,1.0,0.0,6.0,6.0,1.0,4.0,0.0,0.0,1.0,0.0,0.0,0.0,0.0,0.0,ATTACH_ENERGY,0.3,0.6999999999999997,1,opponent,0
2.0,0.7142857142857143,1.0,1.0,0.0,6.0,6.0,0.0,4.0,0.0,1.0,0.0,0.0,0.0,0.0,0.0,0.0,RETREAT,-0.1,0.0,2,opponent,0
3.0,0.9,1.0,1.0,0.0,6.0,6.0,0.0,4.0,0.0,0.0,0.0,1.0,0.0,0.0,0.0,0.0,PLAY_SUPPORTER,0.4,0.0,3,opponent,0
4.0,0.6,1.0,1.0,0.0,6.0,6.0,0.0,3.0,0.0,0.0,0.0,0.0,0.0,0.0,0.0,1.0,PASS_TURN,0.0,0.0,4,opponent,0
5.0,0.5,1.0,1.0,0.0,6.0,6.0,0.0,3.0,0.0,0.0,0.0,1.0,0.0,0.0,0.0,0.0,PLAY_SUPPORTER,0.4,0.0,5,opponent,0
6.0,0.3,1.0,1.0,0.0,6.0,6.0,0.0,2.0,0.0,0.0,0.0,1.0,0.0,0.0,0.0,0.0,PLAY_SUPPORTER,0.4,0.0,6,opponent,0
7.0,0.2,1.0,1.0,0.0,6.0,6.0,0.0,1.0,0.0,0.0,0.0,0.0,1.0,0.0,0.0,0.0,PLAY_BASIC_TO_BENCH,0.2,1.9,7,opponent,0
8.0,0.1,1.0,2.0,0.0,6.0,6.0,0.0,0.0,0.0,0.0,0.0,0.0,0.0,0.0,0.0,1.0,PASS_TURN,0.0,0.0,8,opponent,0
9.0,0.7142857142857143,1.0,1.0,0.0,6.0,5.0,0.0,0.0,1.0,0.0,0.0,0.0,0.0,0.0,0.0,0.0,ATTACK,0.5,0.09999999999999964,9,opponent,0
10.0,0.7142857142857143,0.8888888888888888,1.0,0.0,6.0,5.0,0.0,0.0,1.0,0.0,0.0,0.0,0.0,0.0,0.0,0.0,ATTACK,0.5,0.10000000000000053,10,opponent,0
11.0,0.7142857142857143,0.7777777777777778,1.0,0.0,6.0,5.0,0.0,0.0,0.0,0.0,0.0,0.0,0.0,0.0,0.0,1.0,PASS_TURN,0.0,0.0,11,opponent,0
12.0,0.5,0.7777777777777778,1.0,0.0,6.0,5.0,0.0,0.0,1.0,0.0,0.0,0.0,0.0,0.0,0.0,0.0,ATTACK,0.5,0.09999999999999964,12,opponent,0
13.0,0.5,0.6666666666666666,1.0,0.0,6.0,5.0,0.0,0.0,1.0,0.0,0.0,0.0,0.0,0.0,0.0,0.0,ATTACK,0.5,0.09999999999999964,13,opponent,0
14.0,0.2857142857142857,0.5555555555555556,1.0,0.0,6.0,5.0,0.0,0.0,0.0,1.0,0.0,0.0,0.0,0.0,0.0,0.0,RETREAT,-0.1,0.0,14,opponent,0
15.0,0.9285714285714286,0.5555555555555556,1.0,0.0,6.0,5.0,0.0,0.0,0.0,0.0,0.0,0.0,0.0,0.0,0.0,1.0,PASS_TURN,0.0,0.0,15,opponent,0
16.0,0.7857142857142857,0.5555555555555556,1.0,0.0,6.0,5.0,0.0,0.0,0.0,0.0,0.0,0.0,0.0,0.0,0.0,1.0,PASS_TURN,0.0,0.0,16,opponent,0
17.0,0.7142857142857143,0.5555555555555556,1.0,0.0,6.0,5.0,0.0,0.0,0.0,0.0,0.0,0.0,0.0,0.0,0.0,1.0,PASS_TURN,0.0,0.0,17,opponent,0
18.0,0.6428571428571429,0.5555555555555556,1.0,0.0,6.0,5.0,0.0,0.0,0.0,0.0,0.0,0.0,0.0,0.0,0.0,1.0,PASS_TURN,0.0,0.0,18,opponent,0
19.0,0.6428571428571429,0.5555555555555556,1.0,0.0,6.0,5.0,0.0,0.0,0.0,0.0,0.0,0.0,0.0,0.0,0.0,1.0,PASS_TURN,0.0,0.0,19,opponent,0
20.0,0.35714285714285715,0.5555555555555556,1.0,0.0,6.0,5.0,0.0,0.0,0.0,0.0,0.0,0.0,0.0,0.0,0.0,1.0,PASS_TURN,0.0,0.0,20,opponent,0
21.0,0.07142857142857142,0.5555555555555556,1.0,0.0,6.0,5.0,0.0,0.0,0.0,1.0,0.0,0.0,0.0,0.0,0.0,0.0,RETREAT,-0.1,0.0,21,opponent,0
22.0,0.07142857142857142,0.5555555555555556,0.0,0.0,6.0,4.0,0.0,0.0,0.0,0.0,0.0,0.0,0.0,0.0,0.0,1.0,PASS_TURN,0.0,0.0,22,opponent,0
1.0,1.0,1.0,0.0,3.0,6.0,6.0,3.0,5.0,0.0,0.0,1.0,0.0,0.0,0.0,0.0,0.0,ATTACH_ENERGY,0.3,0.6999999999999997,1,opponent,1
2.0,0.8571428571428571,1.0,0.0,3.0,6.0,6.0,2.0,5.0,0.0,0.0,0.0,1.0,0.0,0.0,0.0,0.0,PLAY_SUPPORTER,0.4,0.0,2,opponent,1
3.0,0.5714285714285714,1.0,0.0,3.0,6.0,6.0,2.0,4.0,0.0,0.0,1.0,0.0,0.0,0.0,0.0,0.0,ATTACH_ENERGY,0.3,0.7000000000000006,3,opponent,1
4.0,0.42857142857142855,1.0,0.0,3.0,6.0,6.0,1.0,4.0,1.0,0.0,0.0,0.0,0.0,0.0,0.0,0.0,ATTACK,0.5,0.10000000000000053,4,opponent,1
5.0,0.35714285714285715,0.8888888888888888,0.0,3.0,6.0,6.0,1.0,4.0,1.0,0.0,0.0,0.0,0.0,0.0,0.0,0.0,ATTACK,0.5,0.10000000000000009,5,opponent,1
6.0,0.2857142857142857,0.7777777777777778,0.0,3.0,6.0,6.0,1.0,4.0,0.0,0.0,0.0,1.0,0.0,0.0,0.0,0.0,PLAY_SUPPORTER,0.4,0.0,6,opponent,1
7.0,0.14285714285714285,0.7777777777777778,0.0,3.0,6.0,6.0,1.0,3.0,0.0,0.0,0.0,1.0,0.0,0.0,0.0,0.0,PLAY_SUPPORTER,0.4,0.0,7,opponent,1
8.0,0.14285714285714285,0.7777777777777778,0.0,3.0,6.0,6.0,1.0,2.0,0.0,0.0,0.0,1.0,0.0,0.0,0.0,0.0,PLAY_SUPPORTER,0.4,0.0,8,opponent,1
9.0,0.07142857142857142,0.7777777777777778,0.0,3.0,6.0,6.0,1.0,1.0,0.0,0.0,0.0,1.0,0.0,0.0,0.0,0.0,PLAY_SUPPORTER,0.4,0.0,9,opponent,1
1.0,1.0,1.0,0.0,1.0,6.0,6.0,1.0,6.0,0.0,0.0,1.0,0.0,0.0,0.0,0.0,0.0,ATTACH_ENERGY,0.3,0.7000000000000002,1,opponent,2
2.0,1.0,1.0,0.0,1.0,6.0,6.0,0.0,6.0,1.0,0.0,0.0,0.0,0.0,0.0,0.0,0.0,ATTACK,1.5,0.2999999999999998,2,opponent,2
3.0,0.9,0.7857142857142857,0.0,1.0,6.0,6.0,0.0,6.0,1.0,0.0,0.0,0.0,0.0,0.0,0.0,0.0,ATTACK,1.5,0.2999999999999997,3,opponent,2
4.0,0.6,0.5714285714285714,0.0,1.0,6.0,6.0,0.0,6.0,1.0,0.0,0.0,0.0,0.0,0.0,0.0,0.0,ATTACK,1.5,0.2999999999999997,4,opponent,2
5.0,0.5,0.35714285714285715,0.0,1.0,6.0,6.0,0.0,6.0,1.0,0.0,0.0,0.0,0.0,0.0,0.0,0.0,ATTACK,1.5,0.30000000000000004,5,opponent,2
6.0,0.2,0.14285714285714285,0.0,1.0,6.0,6.0,0.0,6.0,1.0,0.0,0.0,0.0,0.0,0.0,0.0,0.0,ATTACK,6.5,-2.3000000000000003,6,opponent,2
1.0,1.0,1.0,1.0,3.0,6.0,6.0,0.0,4.0,0.0,1.0,0.0,0.0,0.0,0.0,0.0,0.0,RETREAT,-0.1,0.0,1,opponent,3
2.0,0.6,1.0,1.0,3.0,6.0,6.0,0.0,4.0,0.0,0.0,0.0,1.0,0.0,0.0,0.0,0.0,PLAY_SUPPORTER,0.4,0.0,2,opponent,3
3.0,0.5,1.0,1.0,3.0,6.0,6.0,0.0,3.0,0.0,0.0,0.0,1.0,0.0,0.0,0.0,0.0,PLAY_SUPPORTER,0.4,0.0,3,opponent,3
4.0,0.3,1.0,1.0,3.0,6.0,6.0,0.0,2.0,0.0,0.0,0.0,1.0,0.0,0.0,0.0,0.0,PLAY_SUPPORTER,0.4,0.0,4,opponent,3
5.0,0.2,1.0,1.0,3.0,6.0,6.0,0.0,1.0,0.0,1.0,0.0,0.0,0.0,0.0,0.0,0.0,RETREAT,-0.1,0.0,5,opponent,3
6.0,0.42857142857142855,1.0,1.0,3.0,6.0,6.0,0.0,1.0,0.0,0.0,0.0,1.0,0.0,0.0,0.0,0.0,PLAY_SUPPORTER,0.4,0.0,6,opponent,3
7.0,0.42857142857142855,1.0,1.0,3.0,6.0,6.0,0.0,0.0,0.0,0.0,0.0,0.0,0.0,0.0,0.0,1.0,PASS_TURN,0.0,0.0,7,opponent,3
8.0,0.2,1.0,0.0,3.0,6.0,5.0,0.0,0.0,0.0,0.0,0.0,0.0,0.0,0.0,0.0,1.0,PASS_TURN,0.0,0.0,8,opponent,3
9.0,0.1,1.0,0.0,3.0,6.0,5.0,0.0,0.0,0.0,0.0,0.0,0.0,0.0,0.0,0.0,1.0,PASS_TURN,0.0,0.0,9,opponent,3
1.0,1.0,1.0,1.0,2.0,6.0,6.0,2.0,7.0,0.0,0.0,1.0,0.0,0.0,0.0,0.0,0.0,ATTACH_ENERGY,0.3,0.7000000000000002,1,opponent,4
2.0,0.7142857142857143,1.0,1.0,2.0,6.0,6.0,1.0,7.0,1.0,0.0,0.0,0.0,0.0,0.0,0.0,0.0,ATTACK,1.0,0.19999999999999996,2,opponent,4
3.0,0.7142857142857143,0.8571428571428571,1.0,2.0,6.0,6.0,1.0,7.0,1.0,0.0,0.0,0.0,0.0,0.0,0.0,0.0,ATTACK,1.0,0.19999999999999996,3,opponent,4
4.0,0.5714285714285714,0.7142857142857143,1.0,2.0,6.0,6.0,1.0,7.0,1.0,0.0,0.0,0.0,0.0,0.0,0.0,0.0,ATTACK,1.0,0.19999999999999996,4,opponent,4
5.0,0.2857142857142857,0.5714285714285714,1.0,2.0,6.0,6.0,1.0,7.0,0.0,0.0,0.0,1.0,0.0,0.0,0.0,0.0,PLAY_SUPPORTER,0.4,0.0,5,opponent,4
6.0,0.07142857142857142,0.5714285714285714,1.0,2.0,6.0,6.0,1.0,6.0,0.0,1.0,0.0,0.0,0.0,0.0,0.0,0.0,RETREAT,-0.1,0.0,6,opponent,4
7.0,0.8333333333333334,0.5714285714285714,1.0,2.0,6.0,6.0,1.0,6.0,0.0,0.0,0.0,1.0,0.0,0.0,0.0,0.0,PLAY_SUPPORTER,0.4,0.0,7,opponent,4
8.0,0.3333333333333333,0.5714285714285714,1.0,2.0,6.0,6.0,1.0,5.0,0.0,0.0,0.0,1.0,0.0,0.0,0.0,0.0,PLAY_SUPPORTER,0.4,0.0,8,opponent,4
9.0,0.07142857142857142,0.5714285714285714,0.0,2.0,6.0,5.0,1.0,4.0,0.0,0.0,0.0,1.0,0.0,0.0,0.0,0.0,PLAY_SUPPORTER,0.4,0.0,9,opponent,4
1.0,1.0,1.0,0.0,1.0,6.0,6.0,1.0,5.0,0.0,0.0,1.0,0.0,0.0,0.0,0.0,0.0,ATTACH_ENERGY,0.3,0.7000000000000001,1,opponent,5
2.0,0.8888888888888888,1.0,0.0,1.0,6.0,6.0,0.0,5.0,1.0,0.0,0.0,0.0,0.0,0.0,0.0,0.0,ATTACK,0.5,0.10000000000000009,2,opponent,5
3.0,0.7777777777777778,0.8333333333333334,0.0,1.0,6.0,6.0,0.0,5.0,1.0,0.0,0.0,0.0,0.0,0.0,0.0,0.0,ATTACK,0.5,0.10000000000000009,3,opponent,5
4.0,0.5555555555555556,0.6666666666666666,0.0,1.0,6.0,6.0,0.0,5.0,1.0,0.0,0.0,0.0,0.0,0.0,0.0,0.0,ATTACK,0.5,0.09999999999999987,4,opponent,5
5.0,0.2222222222222222,0.5,0.0,1.0,6.0,6.0,0.0,5.0,0.0,0.0,0.0,1.0,0.0,0.0,0.0,0.0,PLAY_SUPPORTER,0.4,0.0,5,opponent,5
1.0,1.0,1.0,1.0,3.0,6.0,6.0,2.0,7.0,0.0,0.0,1.0,0.0,0.0,0.0,0.0,0.0,ATTACH_ENERGY,0.3,0.7000000000000002,1,opponent,6
2.0,0.7142857142857143,1.0,1.0,3.0,6.0,6.0,1.0,7.0,0.0,0.0,1.0,0.0,0.0,0.0,0.0,0.0,ATTACH_ENERGY,0.3,0.7000000000000002,2,opponent,6
3.0,0.42857142857142855,1.0,1.0,3.0,6.0,6.0,0.0,7.0,0.0,1.0,0.0,0.0,0.0,0.0,0.0,0.0,RETREAT,-0.1,0.0,3,opponent,6
4.0,1.0,1.0,1.0,3.0,6.0,6.0,0.0,7.0,0.0,0.0,0.0,1.0,0.0,0.0,0.0,0.0,PLAY_SUPPORTER,0.4,0.0,4,opponent,6
5.0,0.7142857142857143,1.0,1.0,3.0,6.0,6.0,0.0,6.0,0.0,0.0,0.0,1.0,0.0,0.0,0.0,0.0,PLAY_SUPPORTER,0.4,0.0,5,opponent,6
6.0,0.7142857142857143,1.0,1.0,3.0,6.0,6.0,0.0,5.0,0.0,0.0,0.0,1.0,0.0,0.0,0.0,0.0,PLAY_SUPPORTER,0.4,0.0,6,opponent,6
7.0,0.5,1.0,1.0,3.0,6.0,6.0,0.0,4.0,0.0,0.0,0.0,1.0,0.0,0.0,0.0,0.0,PLAY_SUPPORTER,0.4,0.0,7,opponent,6
8.0,0.35714285714285715,1.0,1.0,3.0,6.0,6.0,0.0,3.0,0.0,0.0,0.0,1.0,0.0,0.0,0.0,0.0,PLAY_SUPPORTER,0.4,0.0,8,opponent,6
9.0,0.07142857142857142,1.0,1.0,3.0,6.0,6.0,0.0,2.0,0.0,1.0,0.0,0.0,0.0,0.0,0.0,0.0,RETREAT,-0.1,0.0,9,opponent,6
10.0,0.35714285714285715,1.0,1.0,3.0,6.0,6.0,0.0,2.0,1.0,0.0,0.0,0.0,0.0,0.0,0.0,0.0,ATTACK,0.5,0.09999999999999964,10,opponent,6
11.0,0.07142857142857142,0.875,1.0,3.0,6.0,6.0,0.0,2.0,0.0,1.0,0.0,0.0,0.0,0.0,0.0,0.0,RETREAT,-0.1,0.0,11,opponent,6
12.0,0.07142857142857142,0.875,0.0,3.0,6.0,5.0,0.0,2.0,0.0,0.0,0.0,1.0,0.0,0.0,0.0,0.0,PLAY_SUPPORTER,0.4,0.0,12,opponent,6
1.0,1.0,1.0,0.0,2.0,6.0,6.0,0.0,6.0,0.0,0.0,0.0,1.0,0.0,0.0,0.0,0.0,PLAY_SUPPORTER,0.4,0.0,1,opponent,7
2.0,0.75,1.0,0.0,2.0,6.0,6.0,0.0,5.0,0.0,0.0,0.0,1.0,0.0,0.0,0.0,0.0,PLAY_SUPPORTER,0.4,0.0,2,opponent,7
3.0,0.5,1.0,0.0,2.0,6.0,6.0,0.0,4.0,0.0,0.0,0.0,1.0,0.0,0.0,0.0,0.0,PLAY_SUPPORTER,0.4,0.0,3,opponent,7
4.0,0.5,1.0,0.0,2.0,6.0,6.0,0.0,3.0,0.0,0.0,0.0,1.0,0.0,0.0,0.0,0.0,PLAY_SUPPORTER,0.4,0.0,4,opponent,7
5.0,0.375,1.0,0.0,2.0,6.0,6.0,0.0,2.0,0.0,0.0,0.0,1.0,0.0,0.0,0.0,0.0,PLAY_SUPPORTER,0.4,0.0,5,opponent,7
6.0,0.375,1.0,0.0,2.0,6.0,6.0,0.0,1.0,0.0,0.0,0.0,1.0,0.0,0.0,0.0,0.0,PLAY_SUPPORTER,0.4,0.0,6,opponent,7
7.0,0.25,1.0,0.0,2.0,6.0,6.0,0.0,0.0,0.0,0.0,0.0,0.0,0.0,0.0,0.0,1.0,PASS_TURN,0.0,0.0,7,opponent,7
1.0,1.0,1.0,1.0,2.0,6.0,6.0,3.0,5.0,0.0,0.0,0.0,0.0,0.0,0.0,0.0,1.0,PASS_TURN,0.0,0.0,1,opponent,8
2.0,0.8888888888888888,1.0,1.0,2.0,6.0,6.0,3.0,5.0,0.0,0.0,1.0,0.0,0.0,0.0,0.0,0.0,ATTACH_ENERGY,0.3,0.7000000000000002,2,opponent,8
3.0,0.4444444444444444,1.0,1.0,2.0,6.0,6.0,2.0,5.0,0.0,0.0,1.0,0.0,0.0,0.0,0.0,0.0,ATTACH_ENERGY,0.3,0.7000000000000004,3,opponent,8
4.0,0.3333333333333333,1.0,1.0,2.0,6.0,6.0,1.0,5.0,0.0,0.0,0.0,1.0,0.0,0.0,0.0,0.0,PLAY_SUPPORTER,0.4,0.0,4,opponent,8
5.0,0.2222222222222222,1.0,1.0,2.0,6.0,6.0,1.0,4.0,0.0,1.0,0.0,0.0,0.0,0.0,0.0,0.0,RETREAT,-0.1,0.0,5,opponent,8
6.0,1.0,1.0,1.0,2.0,6.0,6.0,1.0,4.0,0.0,0.0,0.0,1.0,0.0,0.0,0.0,0.0,PLAY_SUPPORTER,0.4,0.0,6,opponent,8
7.0,0.5,1.0,1.0,2.0,6.0,6.0,1.0,3.0,0.0,0.0,0.0,1.0,0.0,0.0,0.0,0.0,PLAY_SUPPORTER,0.4,0.0,7,opponent,8
8.0,0.5,1.0,1.0,2.0,6.0,6.0,1.0,2.0,0.0,0.0,0.0,1.0,0.0,0.0,0.0,0.0,PLAY_SUPPORTER,0.4,0.0,8,opponent,8
9.0,0.125,1.0,1.0,2.0,6.0,6.0,1.0,1.0,0.0,1.0,0.0,0.0,0.0,0.0,0.0,0.0,RETREAT,-0.1,0.0,9,opponent,8
10.0,0.1111111111111111,1.0,1.0,2.0,6.0,6.0,1.0,1.0,0.0,1.0,0.0,0.0,0.0,0.0,0.0,0.0,RETREAT,-0.1,0.0,10,opponent,8
11.0,0.1111111111111111,1.0,0.0,2.0,6.0,5.0,1.0,1.0,0.0,0.0,0.0,1.0,0.0,0.0,0.0,0.0,PLAY_SUPPORTER,0.4,0.0,11,opponent,8
1.0,1.0,1.0,0.0,2.0,6.0,6.0,2.0,3.0,0.0,0.0,1.0,0.0,0.0,0.0,0.0,0.0,ATTACH_ENERGY,0.3,0.6999999999999997,1,opponent,9
2.0,0.6,1.0,0.0,2.0,6.0,6.0,1.0,3.0,1.0,0.0,0.0,0.0,0.0,0.0,0.0,0.0,ATTACK,1.5,0.2999999999999998,2,opponent,9
3.0,0.3,0.75,0.0,2.0,6.0,6.0,1.0,3.0,0.0,0.0,0.0,0.0,1.0,0.0,0.0,0.0,PLAY_BASIC_TO_BENCH,0.2,1.6,3,opponent,9
4.0,1.0,0.75,0.0,2.0,6.0,5.0,1.0,2.0,0.0,0.0,0.0,1.0,0.0,0.0,0.0,0.0,PLAY_SUPPORTER,0.4,0.0,4,opponent,9
5.0,0.7142857142857143,0.75,0.0,2.0,6.0,5.0,1.0,1.0,0.0,0.0,0.0,1.0,0.0,0.0,0.0,0.0,PLAY_SUPPORTER,0.4,0.0,5,opponent,9
6.0,0.7142857142857143,0.75,0.0,2.0,6.0,5.0,1.0,0.0,0.0,0.0,1.0,0.0,0.0,0.0,0.0,0.0,ATTACH_ENERGY,0.3,0.3,6,opponent,9
7.0,0.7142857142857143,0.75,0.0,2.0,6.0,5.0,0.0,0.0,1.0,0.0,0.0,0.0,0.0,0.0,0.0,0.0,ATTACK,0.5,0.10000000000000009,7,opponent,9
8.0,0.14285714285714285,0.6666666666666666,0.0,2.0,6.0,5.0,0.0,0.0,0.0,0.0,0.0,0.0,0.0,0.0,0.0,1.0,PASS_TURN,0.0,0.0,8,opponent,9
1.0,1.0,1.0,0.0,0.0,6.0,6.0,0.0,7.0,0.0,0.0,0.0,0.0,1.0,0.0,0.0,0.0,PLAY_BASIC_TO_BENCH,0.2,1.5999999999999999,1,opponent,10
2.0,0.7857142857142857,1.0,1.0,0.0,6.0,6.0,0.0,6.0,0.0,0.0,0.0,1.0,0.0,0.0,0.0,0.0,PLAY_SUPPORTER,0.4,0.0,2,opponent,10
3.0,0.7857142857142857,1.0,1.0,0.0,6.0,6.0,0.0,5.0,0.0,0.0,0.0,1.0,0.0,0.0,0.0,0.0,PLAY_SUPPORTER,0.4,0.0,3,opponent,10
4.0,0.7857142857142857,1.0,1.0,0.0,6.0,6.0,0.0,4.0,0.0,0.0,0.0,1.0,0.0,0.0,0.0,0.0,PLAY_SUPPORTER,0.4,0.0,4,opponent,10
5.0,0.7142857142857143,1.0,1.0,0.0,6.0,6.0,0.0,3.0,0.0,0.0,0.0,1.0,0.0,0.0,0.0,0.0,PLAY_SUPPORTER,0.4,0.0,5,opponent,10
6.0,0.5714285714285714,1.0,1.0,0.0,6.0,6.0,0.0,2.0,0.0,0.0,0.0,1.0,0.0,0.0,0.0,0.0,PLAY_SUPPORTER,0.4,0.0,6,opponent,10
7.0,0.5714285714285714,1.0,1.0,0.0,6.0,6.0,0.0,1.0,0.0,0.0,0.0,1.0,0.0,0.0,0.0,0.0,PLAY_SUPPORTER,0.4,0.0,7,opponent,10
8.0,0.2857142857142857,1.0,1.0,0.0,6.0,6.0,0.0,0.0,0.0,1.0,0.0,0.0,0.0,0.0,0.0,0.0,RETREAT,-0.1,0.0,8,opponent,10
9.0,0.7142857142857143,1.0,1.0,0.0,6.0,6.0,0.0,0.0,0.0,0.0,0.0,0.0,0.0,0.0,0.0,1.0,PASS_TURN,0.0,0.0,9,opponent,10
10.0,0.42857142857142855,1.0,1.0,0.0,6.0,6.0,0.0,0.0,0.0,0.0,0.0,0.0,0.0,0.0,0.0,1.0,PASS_TURN,0.0,0.0,10,opponent,10
11.0,0.14285714285714285,1.0,1.0,0.0,6.0,6.0,0.0,0.0,0.0,1.0,0.0,0.0,0.0,0.0,0.0,0.0,RETREAT,-0.1,0.0,11,opponent,10
12.0,0.21428571428571427,1.0,1.0,0.0,6.0,6.0,0.0,0.0,0.0,1.0,0.0,0.0,0.0,0.0,0.0,0.0,RETREAT,-0.1,0.0,12,opponent,10
13.0,0.21428571428571427,1.0,0.0,0.0,6.0,5.0,0.0,0.0,0.0,0.0,0.0,0.0,0.0,0.0,0.0,1.0,PASS_TURN,0.0,0.0,13,opponent,10
14.0,0.07142857142857142,1.0,0.0,0.0,6.0,5.0,0.0,0.0,0.0,0.0,0.0,0.0,0.0,0.0,0.0,1.0,PASS_TURN,0.0,0.0,14,opponent,10
1.0,1.0,1.0,2.0,0.0,6.0,6.0,0.0,2.0,0.0,0.0,0.0,1.0,0.0,0.0,0.0,0.0,PLAY_SUPPORTER,0.4,0.0,1,opponent,11
2.0,0.625,1.0,2.0,0.0,6.0,6.0,0.0,1.0,0.0,1.0,0.0,0.0,0.0,0.0,0.0,0.0,RETREAT,-0.1,0.0,2,opponent,11
3.0,0.7777777777777778,1.0,2.0,0.0,6.0,6.0,0.0,1.0,0.0,0.0,0.0,1.0,0.0,0.0,0.0,0.0,PLAY_SUPPORTER,0.4,0.0,3,opponent,11
4.0,0.3333333333333333,1.0,2.0,0.0,6.0,6.0,0.0,0.0,0.0,1.0,0.0,0.0,0.0,0.0,0.0,0.0,RETREAT,-0.1,0.0,4,opponent,11
5.0,0.9285714285714286,1.0,2.0,0.0,6.0,6.0,0.0,0.0,0.0,0.0,0.0,0.0,0.0,0.0,0.0,1.0,PASS_TURN,0.0,0.0,5,opponent,11
6.0,0.6428571428571429,1.0,2.0,0.0,6.0,6.0,0.0,0.0,0.0,0.0,0.0,0.0,0.0,0.0,0.0,1.0,PASS_TURN,0.0,0.0,6,opponent,11
7.0,0.5714285714285714,1.0,2.0,0.0,6.0,6.0,0.0,0.0,0.0,0.0,0.0,0.0,0.0,0.0,0.0,1.0,PASS_TURN,0.0,0.0,7,opponent,11
8.0,0.35714285714285715,1.0,2.0,0.0,6.0,6.0,0.0,0.0,0.0,1.0,0.0,0.0,0.0,0.0,0.0,0.0,RETREAT,-0.1,0.0,8,opponent,11
9.0,0.375,1.0,2.0,0.0,6.0,6.0,0.0,0.0,0.0,0.0,0.0,0.0,0.0,0.0,0.0,1.0,PASS_TURN,0.0,0.0,9,opponent,11
10.0,0.3333333333333333,1.0,1.0,0.0,6.0,5.0,0.0,0.0,0.0,1.0,0.0,0.0,0.0,0.0,0.0,0.0,RETREAT,-0.1,0.0,10,opponent,11
11.0,0.07142857142857142,1.0,1.0,0.0,6.0,5.0,0.0,0.0,0.0,1.0,0.0,0.0,0.0,0.0,0.0,0.0,RETREAT,-0.1,0.0,11,opponent,11
12.0,0.1111111111111111,1.0,1.0,0.0,6.0,5.0,0.0,0.0,0.0,1.0,0.0,0.0,0.0,0.0,0.0,0.0,RETREAT,-0.1,0.0,12,opponent,11
13.0,0.1111111111111111,1.0,0.0,0.0,6.0,4.0,0.0,0.0,0.0,0.0,0.0,0.0,0.0,0.0,0.0,1.0,PASS_TURN,0.0,0.0,13,opponent,11
1.0,1.0,1.0,3.0,0.0,6.0,6.0,1.0,4.0,0.0,0.0,1.0,0.0,0.0,0.0,0.0,0.0,ATTACH_ENERGY,0.3,0.6999999999999993,1,me,12
2.0,1.0,1.0,3.0,0.0,6.0,6.0,0.0,4.0,0.0,0.0,0.0,1.0,0.0,0.0,0.0,0.0,PLAY_SUPPORTER,0.4,0.0,2,me,12
3.0,0.5,1.0,3.0,0.0,6.0,6.0,0.0,3.0,0.0,0.0,0.0,1.0,0.0,0.0,0.0,0.0,PLAY_SUPPORTER,0.4,0.0,3,me,12
4.0,0.5,1.0,3.0,0.0,6.0,6.0,0.0,2.0,0.0,0.0,0.0,1.0,0.0,0.0,0.0,0.0,PLAY_SUPPORTER,0.4,0.0,4,me,12
5.0,1.0,1.0,2.0,0.0,6.0,5.0,0.0,1.0,0.0,0.0,0.0,1.0,0.0,0.0,0.0,0.0,PLAY_SUPPORTER,0.4,0.0,5,me,12
6.0,0.7777777777777778,1.0,2.0,0.0,6.0,5.0,0.0,0.0,0.0,0.0,0.0,0.0,0.0,0.0,0.0,1.0,PASS_TURN,0.0,0.0,6,me,12
7.0,0.3333333333333333,1.0,2.0,0.0,6.0,5.0,0.0,0.0,0.0,0.0,0.0,0.0,0.0,0.0,0.0,1.0,PASS_TURN,0.0,0.0,7,me,12
8.0,1.0,1.0,1.0,0.0,6.0,4.0,0.0,0.0,0.0,0.0,0.0,0.0,0.0,0.0,0.0,1.0,PASS_TURN,0.0,0.0,8,me,12
9.0,0.8333333333333334,1.0,1.0,0.0,6.0,4.0,0.0,0.0,0.0,0.0,0.0,0.0,0.0,0.0,0.0,1.0,PASS_TURN,0.0,0.0,9,me,12
10.0,0.16666666666666666,1.0,1.0,0.0,6.0,4.0,0.0,0.0,0.0,1.0,0.0,0.0,0.0,0.0,0.0,0.0,RETREAT,-0.1,0.0,10,me,12
11.0,0.9285714285714286,1.0,1.0,0.0,6.0,4.0,0.0,0.0,1.0,0.0,0.0,0.0,0.0,0.0,0.0,0.0,ATTACK,1.5,0.2999999999999998,11,me,12
12.0,0.7857142857142857,0.75,1.0,0.0,6.0,4.0,0.0,0.0,1.0,0.0,0.0,0.0,0.0,0.0,0.0,0.0,ATTACK,1.5,0.2999999999999998,12,me,12
13.0,0.7857142857142857,0.5,1.0,0.0,6.0,4.0,0.0,0.0,1.0,0.0,0.0,0.0,0.0,0.0,0.0,0.0,ATTACK,1.5,0.3000000000000007,13,me,12
14.0,0.5,0.25,1.0,0.0,6.0,4.0,0.0,0.0,1.0,0.0,0.0,0.0,0.0,0.0,0.0,0.0,ATTACK,6.5,-2.7,14,me,12
1.0,1.0,1.0,1.0,0.0,6.0,6.0,3.0,5.0,0.0,0.0,1.0,0.0,0.0,0.0,0.0,0.0,ATTACH_ENERGY,0.3,0.7000000000000002,1,opponent,13
2.0,0.8571428571428571,1.0,1.0,0.0,6.0,6.0,2.0,5.0,1.0,0.0,0.0,0.0,0.0,0.0,0.0,0.0,ATTACK,1.5,0.2999999999999998,2,opponent,13
3.0,0.5714285714285714,0.7857142857142857,1.0,0.0,6.0,6.0,2.0,5.0,0.0,0.0,0.0,0.0,0.0,0.0,0.0,1.0,PASS_TURN,0.0,0.0,3,opponent,13
4.0,0.2857142857142857,0.7857142857142857,1.0,0.0,6.0,6.0,2.0,5.0,1.0,0.0,0.0,0.0,0.0,0.0,0.0,0.0,ATTACK,1.5,0.30000000000000004,4,opponent,13
5.0,1.0,0.5714285714285714,0.0,0.0,6.0,5.0,2.0,5.0,0.0,0.0,0.0,1.0,0.0,0.0,0.0,0.0,PLAY_SUPPORTER,0.4,0.0,5,opponent,13
6.0,0.9,0.5714285714285714,0.0,0.0,6.0,5.0,2.0,4.0,0.0,0.0,0.0,1.0,0.0,0.0,0.0,0.0,PLAY_SUPPORTER,0.4,0.0,6,opponent,13
7.0,0.7,0.5714285714285714,0.0,0.0,6.0,5.0,2.0,3.0,0.0,0.0,0.0,0.0,0.0,0.0,0.0,1.0,PASS_TURN,0.0,0.0,7,opponent,13
8.0,0.6,0.5714285714285714,0.0,0.0,6.0,5.0,2.0,3.0,0.0,0.0,0.0,1.0,0.0,0.0,0.0,0.0,PLAY_SUPPORTER,0.4,0.0,8,opponent,13
9.0,0.6,0.5714285714285714,0.0,0.0,6.0,5.0,2.0,2.0,0.0,0.0,0.0,1.0,0.0,0.0,0.0,0.0,PLAY_SUPPORTER,0.4,0.0,9,opponent,13
10.0,0.6,0.5714285714285714,0.0,0.0,6.0,5.0,2.0,1.0,0.0,0.0,0.0,1.0,0.0,0.0,0.0,0.0,PLAY_SUPPORTER,0.4,0.0,10,opponent,13
11.0,0.6,0.5714285714285714,0.0,0.0,6.0,5.0,2.0,0.0,0.0,0.0,0.0,0.0,0.0,0.0,0.0,1.0,PASS_TURN,0.0,0.0,11,opponent,13
12.0,0.2,0.5714285714285714,0.0,0.0,6.0,5.0,2.0,0.0,0.0,0.0,1.0,0.0,0.0,0.0,0.0,0.0,ATTACH_ENERGY,0.3,0.2999999999999998,12,opponent,13
1.0,1.0,1.0,3.0,2.0,6.0,6.0,1.0,4.0,0.0,0.0,1.0,0.0,0.0,0.0,0.0,0.0,ATTACH_ENERGY,0.3,0.6999999999999997,1,opponent,14
2.0,0.6666666666666666,1.0,3.0,2.0,6.0,6.0,0.0,4.0,1.0,0.0,0.0,0.0,0.0,0.0,0.0,0.0,ATTACK,0.5,0.10000000000000053,2,opponent,14
3.0,0.4444444444444444,0.8571428571428571,3.0,2.0,6.0,6.0,0.0,4.0,1.0,0.0,0.0,0.0,0.0,0.0,0.0,0.0,ATTACK,0.5,0.09999999999999964,3,opponent,14
4.0,1.0,0.7142857142857143,2.0,2.0,6.0,5.0,0.0,4.0,0.0,0.0,0.0,1.0,0.0,0.0,0.0,0.0,PLAY_SUPPORTER,0.4,0.0,4,opponent,14
5.0,0.5555555555555556,0.7142857142857143,2.0,2.0,6.0,5.0,0.0,3.0,0.0,0.0,0.0,1.0,0.0,0.0,0.0,0.0,PLAY_SUPPORTER,0.4,0.0,5,opponent,14
6.0,0.2222222222222222,0.7142857142857143,2.0,2.0,6.0,5.0,0.0,2.0,0.0,1.0,0.0,0.0,0.0,0.0,0.0,0.0,RETREAT,-0.1,0.0,6,opponent,14
7.0,0.5714285714285714,0.7142857142857143,2.0,2.0,6.0,5.0,0.0,2.0,0.0,0.0,0.0,1.0,0.0,0.0,0.0,0.0,PLAY_SUPPORTER,0.4,0.0,7,opponent,14
8.0,0.2222222222222222,0.7142857142857143,1.0,2.0,6.0,4.0,0.0,1.0,0.0,1.0,0.0,0.0,0.0,0.0,0.0,0.0,RETREAT,-0.1,0.0,8,opponent,14
9.0,0.5,0.7142857142857143,1.0,2.0,6.0,4.0,0.0,1.0,0.0,0.0,0.0,0.0,1.0,0.0,0.0,0.0,PLAY_BASIC_TO_BENCH,0.2,1.4000000000000004,9,opponent,14
10.0,0.2222222222222222,0.7142857142857143,1.0,2.0,6.0,3.0,0.0,0.0,0.0,1.0,0.0,0.0,0.0,0.0,0.0,0.0,RETREAT,-0.1,0.0,10,opponent,14
11.0,0.6666666666666666,0.7142857142857143,1.0,2.0,6.0,3.0,0.0,0.0,0.0,0.0,0.0,0.0,0.0,0.0,0.0,1.0,PASS_TURN,0.0,0.0,11,opponent,14
12.0,0.3333333333333333,0.7142857142857143,1.0,2.0,6.0,3.0,0.0,0.0,0.0,0.0,0.0,0.0,0.0,0.0,0.0,1.0,PASS_TURN,0.0,0.0,12,opponent,14
13.0,0.1111111111111111,0.7142857142857143,1.0,2.0,6.0,3.0,0.0,0.0,0.0,0.0,0.0,0.0,0.0,0.0,0.0,1.0,PASS_TURN,0.0,0.0,13,opponent,14
14.0,0.2222222222222222,0.7142857142857143,0.0,2.0,6.0,2.0,0.0,0.0,0.0,0.0,0.0,0.0,0.0,0.0,0.0,1.0,PASS_TURN,0.0,0.0,14,opponent,14
1.0,1.0,1.0,1.0,2.0,6.0,6.0,1.0,6.0,0.0,0.0,1.0,0.0,0.0,0.0,0.0,0.0,ATTACH_ENERGY,0.3,0.7000000000000001,1,opponent,15
2.0,0.9,1.0,1.0,2.0,6.0,6.0,0.0,6.0,1.0,0.0,0.0,0.0,0.0,0.0,0.0,0.0,ATTACK,1.0,0.19999999999999996,2,opponent,15
3.0,0.5,0.75,1.0,2.0,6.0,6.0,0.0,6.0,1.0,0.0,0.0,0.0,0.0,0.0,0.0,0.0,ATTACK,1.0,0.19999999999999996,3,opponent,15
4.0,0.1,0.5,1.0,2.0,6.0,6.0,0.0,6.0,0.0,1.0,0.0,0.0,0.0,0.0,0.0,0.0,RETREAT,-0.1,0.0,4,opponent,15
5.0,0.6666666666666666,0.5,1.0,2.0,6.0,6.0,0.0,6.0,0.0,0.0,0.0,1.0,0.0,0.0,0.0,0.0,PLAY_SUPPORTER,0.4,0.0,5,opponent,15
6.0,0.3333333333333333,0.5,1.0,2.0,6.0,6.0,0.0,5.0,0.0,0.0,0.0,1.0,0.0,0.0,0.0,0.0,PLAY_SUPPORTER,0.4,0.0,6,opponent,15
7.0,0.3333333333333333,0.5,1.0,2.0,6.0,6.0,0.0,4.0,0.0,0.0,0.0,1.0,0.0,0.0,0.0,0.0,PLAY_SUPPORTER,0.4,0.0,7,opponent,15
8.0,0.1,0.5,0.0,2.0,6.0,5.0,0.0,3.0,0.0,0.0,0.0,1.0,0.0,0.0,0.0,0.0,PLAY_SUPPORTER,0.4,0.0,8,opponent,15
1.0,1.0,1.0,2.0,1.0,6.0,6.0,2.0,2.0,0.0,0.0,1.0,0.0,0.0,0.0,0.0,0.0,ATTACH_ENERGY,0.3,0.7000000000000002,1,opponent,16
2.0,0.8888888888888888,1.0,2.0,1.0,6.0,6.0,1.0,2.0,1.0,0.0,0.0,0.0,0.0,0.0,0.0,0.0,ATTACK,1.5,0.2999999999999998,2,opponent,16
3.0,0.7777777777777778,0.5,2.0,1.0,6.0,6.0,1.0,2.0,1.0,0.0,0.0,0.0,0.0,0.0,0.0,0.0,ATTACK,6.5,-2.2,3,opponent,16
4.0,0.3333333333333333,1.0,2.0,0.0,5.0,6.0,1.0,2.0,0.0,0.0,0.0,0.0,1.0,0.0,0.0,0.0,PLAY_BASIC_TO_BENCH,0.2,1.6999999999999997,4,opponent,16
5.0,1.0,1.0,2.0,0.0,5.0,5.0,1.0,1.0,0.0,0.0,0.0,1.0,0.0,0.0,0.0,0.0,PLAY_SUPPORTER,0.4,0.0,5,opponent,16
6.0,0.5,1.0,2.0,0.0,5.0,5.0,1.0,0.0,0.0,0.0,1.0,0.0,0.0,0.0,0.0,0.0,ATTACH_ENERGY,0.3,0.30000000000000004,6,opponent,16
7.0,1.0,1.0,1.0,0.0,5.0,4.0,0.0,0.0,0.0,0.0,0.0,0.0,0.0,0.0,0.0,1.0,PASS_TURN,0.0,0.0,7,opponent,16
8.0,0.5,1.0,1.0,0.0,5.0,4.0,0.0,0.0,0.0,0.0,0.0,0.0,0.0,0.0,0.0,1.0,PASS_TURN,0.0,0.0,8,opponent,16
9.0,0.125,1.0,1.0,0.0,5.0,4.0,0.0,0.0,0.0,1.0,0.0,0.0,0.0,0.0,0.0,0.0,RETREAT,-0.1,0.0,9,opponent,16
10.0,0.5,1.0,1.0,0.0,5.0,4.0,0.0,0.0,0.0,0.0,0.0,0.0,0.0,0.0,0.0,1.0,PASS_TURN,0.0,0.0,10,opponent,16
11.0,0.125,1.0,1.0,0.0,5.0,4.0,0.0,0.0,0.0,1.0,0.0,0.0,0.0,0.0,0.0,0.0,RETREAT,-0.1,0.0,11,opponent,16
12.0,0.125,1.0,0.0,0.0,5.0,3.0,0.0,0.0,0.0,0.0,0.0,0.0,0.0,0.0,0.0,1.0,PASS_TURN,0.0,0.0,12,opponent,16
1.0,1.0,1.0,3.0,2.0,6.0,6.0,2.0,5.0,0.0,0.0,1.0,0.0,0.0,0.0,0.0,0.0,ATTACH_ENERGY,0.3,0.6999999999999993,1,opponent,17
2.0,0.6,1.0,3.0,2.0,6.0,6.0,1.0,5.0,0.0,0.0,1.0,0.0,0.0,0.0,0.0,0.0,ATTACH_ENERGY,0.3,0.7000000000000002,2,opponent,17
3.0,0.6,1.0,3.0,2.0,6.0,6.0,0.0,5.0,0.0,0.0,0.0,1.0,0.0,0.0,0.0,0.0,PLAY_SUPPORTER,0.4,0.0,3,opponent,17
4.0,0.3,1.0,3.0,2.0,6.0,6.0,0.0,4.0,0.0,0.0,0.0,1.0,0.0,0.0,0.0,0.0,PLAY_SUPPORTER,0.4,0.0,4,opponent,17
5.0,0.2,1.0,3.0,2.0,6.0,6.0,0.0,3.0,0.0,1.0,0.0,0.0,0.0,0.0,0.0,0.0,RETREAT,-0.1,0.0,5,opponent,17
6.0,0.7,1.0,3.0,2.0,6.0,6.0,0.0,3.0,0.0,0.0,0.0,1.0,0.0,0.0,0.0,0.0,PLAY_SUPPORTER,0.4,0.0,6,opponent,17
7.0,0.7,1.0,3.0,2.0,6.0,6.0,0.0,2.0,0.0,0.0,0.0,1.0,0.0,0.0,0.0,0.0,PLAY_SUPPORTER,0.4,0.0,7,opponent,17
8.0,0.5,1.0,3.0,2.0,6.0,6.0,0.0,1.0,0.0,0.0,0.0,1.0,0.0,0.0,0.0,0.0,PLAY_SUPPORTER,0.4,0.0,8,opponent,17
9.0,0.3,1.0,3.0,2.0,6.0,6.0,0.0,0.0,0.0,0.0,0.0,0.0,0.0,0.0,0.0,1.0,PASS_TURN,0.0,0.0,9,opponent,17
10.0,0.2,1.0,2.0,2.0,6.0,5.0,0.0,0.0,0.0,1.0,0.0,0.0,0.0,0.0,0.0,0.0,RETREAT,-0.1,0.0,10,opponent,17
11.0,0.8571428571428571,1.0,2.0,2.0,6.0,5.0,0.0,0.0,1.0,0.0,0.0,0.0,0.0,0.0,0.0,0.0,ATTACK,0.5,0.10000000000000009,11,opponent,17
12.0,0.6428571428571429,0.8888888888888888,2.0,2.0,6.0,5.0,0.0,0.0,1.0,0.0,0.0,0.0,0.0,0.0,0.0,0.0,ATTACK,0.5,0.10000000000000009,12,opponent,17
13.0,0.5714285714285714,0.7777777777777778,2.0,2.0,6.0,5.0,0.0,0.0,1.0,0.0,0.0,0.0,0.0,0.0,0.0,0.0,ATTACK,0.5,0.10000000000000009,13,opponent,17
14.0,0.5,0.6666666666666666,2.0,2.0,6.0,5.0,0.0,0.0,1.0,0.0,0.0,0.0,0.0,0.0,0.0,0.0,ATTACK,0.5,0.10000000000000009,14,opponent,17
15.0,0.35714285714285715,0.5555555555555556,2.0,2.0,6.0,5.0,0.0,0.0,1.0,0.0,0.0,0.0,0.0,0.0,0.0,0.0,ATTACK,0.5,0.10000000000000009,15,opponent,17
16.0,0.07142857142857142,0.4444444444444444,2.0,2.0,6.0,5.0,0.0,0.0,0.0,1.0,0.0,0.0,0.0,0.0,0.0,0.0,RETREAT,-0.1,0.0,16,opponent,17
17.0,0.2,0.4444444444444444,2.0,2.0,6.0,5.0,0.0,0.0,0.0,1.0,0.0,0.0,0.0,0.0,0.0,0.0,RETREAT,-0.1,0.0,17,opponent,17
18.0,0.8,0.4444444444444444,2.0,2.0,6.0,5.0,0.0,0.0,0.0,0.0,0.0,0.0,0.0,0.0,0.0,1.0,PASS_TURN,0.0,0.0,18,opponent,17
19.0,0.8,0.4444444444444444,2.0,2.0,6.0,5.0,0.0,0.0,0.0,0.0,0.0,0.0,0.0,0.0,0.0,1.0,PASS_TURN,0.0,0.0,19,opponent,17
20.0,0.6,0.4444444444444444,2.0,2.0,6.0,5.0,0.0,0.0,0.0,0.0,0.0,0.0,0.0,0.0,0.0,1.0,PASS_TURN,0.0,0.0,20,opponent,17
21.0,0.3,0.4444444444444444,2.0,2.0,6.0,5.0,0.0,0.0,0.0,1.0,0.0,0.0,0.0,0.0,0.0,0.0,RETREAT,-0.1,0.0,21,opponent,17
22.0,0.07142857142857142,0.4444444444444444,1.0,2.0,6.0,4.0,0.0,0.0,0.0,0.0,0.0,0.0,0.0,0.0,0.0,1.0,PASS_TURN,0.0,0.0,22,opponent,17
23.0,0.07142857142857142,0.4444444444444444,1.0,2.0,6.0,4.0,0.0,0.0,0.0,0.0,0.0,0.0,0.0,0.0,0.0,1.0,PASS_TURN,0.0,0.0,23,opponent,17
24.0,0.3,0.4444444444444444,0.0,2.0,6.0,3.0,0.0,0.0,0.0,0.0,0.0,0.0,0.0,0.0,0.0,1.0,PASS_TURN,0.0,0.0,24,opponent,17
1.0,1.0,1.0,3.0,1.0,6.0,6.0,3.0,4.0,0.0,0.0,1.0,0.0,0.0,0.0,0.0,0.0,ATTACH_ENERGY,0.3,0.6999999999999993,1,opponent,18
2.0,0.6666666666666666,1.0,3.0,1.0,6.0,6.0,2.0,4.0,0.0,0.0,0.0,1.0,0.0,0.0,0.0,0.0,PLAY_SUPPORTER,0.4,0.0,2,opponent,18
3.0,0.16666666666666666,1.0,3.0,1.0,6.0,6.0,2.0,3.0,0.0,1.0,0.0,0.0,0.0,0.0,0.0,0.0,RETREAT,-0.1,0.0,3,opponent,18
4.0,0.9,1.0,3.0,1.0,6.0,6.0,2.0,3.0,0.0,0.0,0.0,1.0,0.0,0.0,0.0,0.0,PLAY_SUPPORTER,0.4,0.0,4,opponent,18
5.0,0.7,1.0,3.0,1.0,6.0,6.0,2.0,2.0,0.0,0.0,0.0,1.0,0.0,0.0,0.0,0.0,PLAY_SUPPORTER,0.4,0.0,5,opponent,18
6.0,0.3,1.0,3.0,1.0,6.0,6.0,2.0,1.0,0.0,0.0,0.0,1.0,0.0,0.0,0.0,0.0,PLAY_SUPPORTER,0.4,0.0,6,opponent,18
7.0,0.16666666666666666,1.0,2.0,1.0,6.0,5.0,2.0,0.0,0.0,1.0,0.0,0.0,0.0,0.0,0.0,0.0,RETREAT,-0.1,0.0,7,opponent,18
8.0,0.8571428571428571,1.0,2.0,1.0,6.0,5.0,2.0,0.0,0.0,0.0,1.0,0.0,0.0,0.0,0.0,0.0,ATTACH_ENERGY,0.3,0.30000000000000027,8,opponent,18
9.0,0.8571428571428571,1.0,2.0,1.0,6.0,5.0,1.0,0.0,1.0,0.0,0.0,0.0,0.0,0.0,0.0,0.0,ATTACK,1.0,0.1999999999999993,9,opponent,18
10.0,0.8571428571428571,0.8571428571428571,2.0,1.0,6.0,5.0,1.0,0.0,1.0,0.0,0.0,0.0,0.0,0.0,0.0,0.0,ATTACK,1.0,0.20000000000000018,10,opponent,18
11.0,0.8571428571428571,0.7142857142857143,2.0,1.0,6.0,5.0,1.0,0.0,1.0,0.0,0.0,0.0,0.0,0.0,0.0,0.0,ATTACK,1.0,0.20000000000000018,11,opponent,18
12.0,0.7142857142857143,0.5714285714285714,2.0,1.0,6.0,5.0,1.0,0.0,1.0,0.0,0.0,0.0,0.0,0.0,0.0,0.0,ATTACK,1.0,0.20000000000000018,12,opponent,18
13.0,0.6428571428571429,0.42857142857142855,2.0,1.0,6.0,5.0,1.0,0.0,1.0,0.0,0.0,0.0,0.0,0.0,0.0,0.0,ATTACK,1.0,0.20000000000000018,13,opponent,18
14.0,0.35714285714285715,0.2857142857142857,2.0,1.0,6.0,5.0,1.0,0.0,1.0,0.0,0.0,0.0,0.0,0.0,0.0,0.0,ATTACK,1.0,0.1999999999999993,14,opponent,18
15.0,0.14285714285714285,0.14285714285714285,2.0,1.0,6.0,5.0,1.0,0.0,1.0,0.0,0.0,0.0,0.0,0.0,0.0,0.0,ATTACK,6.0,-2.2999999999999994,15,opponent,18
16.0,0.16666666666666666,1.0,1.0,0.0,5.0,4.0,1.0,0.0,0.0,1.0,0.0,0.0,0.0,0.0,0.0,0.0,RETREAT,-0.1,0.0,16,opponent,18
17.0,0.8333333333333334,1.0,1.0,0.0,5.0,4.0,1.0,0.0,0.0,0.0,1.0,0.0,0.0,0.0,0.0,0.0,ATTACH_ENERGY,0.3,0.30000000000000027,17,opponent,18
18.0,0.5833333333333334,1.0,1.0,0.0,5.0,4.0,0.0,0.0,1.0,0.0,0.0,0.0,0.0,0.0,0.0,0.0,ATTACK,1.5,0.30000000000000027,18,opponent,18
19.0,0.25,0.7,1.0,0.0,5.0,4.0,0.0,0.0,1.0,0.0,0.0,0.0,0.0,0.0,0.0,0.0,ATTACK,1.5,0.2999999999999994,19,opponent,18
20.0,0.16666666666666666,0.4,0.0,0.0,5.0,3.0,0.0,0.0,0.0,0.0,0.0,0.0,0.0,0.0,0.0,1.0,PASS_TURN,0.0,0.0,20,opponent,18
1.0,1.0,1.0,3.0,2.0,6.0,6.0,3.0,2.0,0.0,0.0,0.0,1.0,0.0,0.0,0.0,0.0,PLAY_SUPPORTER,0.4,0.0,1,opponent,19
2.0,0.9166666666666666,1.0,3.0,2.0,6.0,6.0,3.0,1.0,0.0,0.0,1.0,0.0,0.0,0.0,0.0,0.0,ATTACH_ENERGY,0.3,0.6999999999999997,2,opponent,19
3.0,0.6666666666666666,1.0,3.0,2.0,6.0,6.0,2.0,1.0,0.0,0.0,1.0,0.0,0.0,0.0,0.0,0.0,ATTACH_ENERGY,0.3,0.6999999999999997,3,opponent,19
4.0,0.5,1.0,3.0,2.0,6.0,6.0,1.0,1.0,1.0,0.0,0.0,0.0,0.0,0.0,0.0,0.0,ATTACK,0.5,0.09999999999999964,4,opponent,19
5.0,0.25,0.875,3.0,2.0,6.0,6.0,1.0,1.0,0.0,1.0,0.0,0.0,0.0,0.0,0.0,0.0,RETREAT,-0.1,0.0,5,opponent,19
6.0,0.875,0.875,3.0,2.0,6.0,6.0,1.0,1.0,0.0,0.0,0.0,1.0,0.0,0.0,0.0,0.0,PLAY_SUPPORTER,0.4,0.0,6,opponent,19
7.0,0.375,0.875,3.0,2.0,6.0,6.0,1.0,0.0,0.0,0.0,1.0,0.0,0.0,0.0,0.0,0.0,ATTACH_ENERGY,0.3,0.2999999999999998,7,opponent,19
8.0,0.25,0.875,3.0,2.0,6.0,6.0,0.0,0.0,0.0,1.0,0.0,0.0,0.0,0.0,0.0,0.0,RETREAT,-0.1,0.0,8,opponent,19
9.0,0.16666666666666666,0.875,3.0,2.0,6.0,6.0,0.0,0.0,0.0,1.0,0.0,0.0,0.0,0.0,0.0,0.0,RETREAT,-0.1,0.0,9,opponent,19
10.0,0.25,0.875,3.0,2.0,6.0,6.0,0.0,0.0,0.0,1.0,0.0,0.0,0.0,0.0,0.0,0.0,RETREAT,-0.1,0.0,10,opponent,19
11.0,0.25,0.875,2.0,2.0,6.0,5.0,0.0,0.0,0.0,1.0,0.0,0.0,0.0,0.0,0.0,0.0,RETREAT,-0.1,0.0,11,opponent,19
12.0,0.8888888888888888,0.875,2.0,2.0,6.0,5.0,0.0,0.0,0.0,0.0,0.0,0.0,0.0,0.0,0.0,1.0,PASS_TURN,0.0,0.0,12,opponent,19
13.0,0.7777777777777778,0.875,2.0,2.0,6.0,5.0,0.0,0.0,0.0,0.0,0.0,0.0,0.0,0.0,0.0,1.0,PASS_TURN,0.0,0.0,13,opponent,19
14.0,0.4444444444444444,0.875,2.0,2.0,6.0,5.0,0.0,0.0,0.0,1.0,0.0,0.0,0.0,0.0,0.0,0.0,RETREAT,-0.1,0.0,14,opponent,19
15.0,0.8,0.875,2.0,2.0,6.0,5.0,0.0,0.0,0.0,0.0,0.0,0.0,0.0,0.0,0.0,1.0,PASS_TURN,0.0,0.0,15,opponent,19
16.0,0.6,0.875,2.0,2.0,6.0,5.0,0.0,0.0,0.0,0.0,0.0,0.0,0.0,0.0,0.0,1.0,PASS_TURN,0.0,0.0,16,opponent,19
17.0,0.5,0.875,2.0,2.0,6.0,5.0,0.0,0.0,0.0,0.0,0.0,0.0,0.0,0.0,0.0,1.0,PASS_TURN,0.0,0.0,17,opponent,19
18.0,0.4,0.875,2.0,2.0,6.0,5.0,0.0,0.0,0.0,0.0,0.0,0.0,0.0,0.0,0.0,1.0,PASS_TURN,0.0,0.0,18,opponent,19
19.0,0.2,0.875,2.0,2.0,6.0,5.0,0.0,0.0,0.0,1.0,0.0,0.0,0.0,0.0,0.0,0.0,RETREAT,-0.1,0.0,19,opponent,19
20.0,0.2,0.875,1.0,2.0,6.0,4.0,0.0,0.0,0.0,1.0,0.0,0.0,0.0,0.0,0.0,0.0,RETREAT,-0.1,0.0,20,opponent,19
21.0,0.4444444444444444,0.875,1.0,2.0,6.0,4.0,0.0,0.0,0.0,0.0,0.0,0.0,0.0,0.0,0.0,1.0,PASS_TURN,0.0,0.0,21,opponent,19
22.0,0.1111111111111111,0.875,1.0,2.0,6.0,4.0,0.0,0.0,0.0,1.0,0.0,0.0,0.0,0.0,0.0,0.0,RETREAT,-0.1,0.0,22,opponent,19
23.0,0.1111111111111111,0.875,0.0,2.0,6.0,3.0,0.0,0.0,0.0,0.0,0.0,0.0,0.0,0.0,0.0,1.0,PASS_TURN,0.0,0.0,23,opponent,19
1.0,1.0,1.0,3.0,3.0,6.0,6.0,1.0,6.0,0.0,0.0,1.0,0.0,0.0,0.0,0.0,0.0,ATTACH_ENERGY,0.3,0.7,1,opponent,20
2.0,0.8333333333333334,1.0,3.0,3.0,6.0,6.0,0.0,6.0,1.0,0.0,0.0,0.0,0.0,0.0,0.0,0.0,ATTACK,1.0,0.19999999999999996,2,opponent,20
3.0,0.8333333333333334,0.7142857142857143,3.0,3.0,6.0,6.0,0.0,6.0,1.0,0.0,0.0,0.0,0.0,0.0,0.0,0.0,ATTACK,1.0,0.19999999999999996,3,opponent,20
4.0,0.6666666666666666,0.42857142857142855,3.0,3.0,6.0,6.0,0.0,6.0,1.0,0.0,0.0,0.0,0.0,0.0,0.0,0.0,ATTACK,1.0,0.19999999999999996,4,opponent,20
5.0,0.16666666666666666,0.14285714285714285,3.0,3.0,6.0,6.0,0.0,6.0,1.0,0.0,0.0,0.0,0.0,0.0,0.0,0.0,ATTACK,6.0,-2.4000000000000004,5,opponent,20
6.0,1.0,1.0,2.0,2.0,5.0,5.0,0.0,6.0,0.0,0.0,0.0,1.0,0.0,0.0,0.0,0.0,PLAY_SUPPORTER,0.4,0.0,6,opponent,20
7.0,0.6666666666666666,1.0,2.0,2.0,5.0,5.0,0.0,5.0,0.0,0.0,0.0,1.0,0.0,0.0,0.0,0.0,PLAY_SUPPORTER,0.4,0.0,7,opponent,20
8.0,0.2222222222222222,1.0,2.0,2.0,5.0,5.0,0.0,4.0,0.0,1.0,0.0,0.0,0.0,0.0,0.0,0.0,RETREAT,-0.1,0.0,8,opponent,20
9.0,0.5555555555555556,1.0,2.0,2.0,5.0,5.0,0.0,4.0,0.0,1.0,0.0,0.0,0.0,0.0,0.0,0.0,RETREAT,-0.1,0.0,9,opponent,20
10.0,1.0,1.0,2.0,2.0,5.0,5.0,0.0,4.0,0.0,0.0,0.0,1.0,0.0,0.0,0.0,0.0,PLAY_SUPPORTER,0.4,0.0,10,opponent,20
11.0,0.5714285714285714,1.0,2.0,2.0,5.0,5.0,0.0,3.0,0.0,0.0,0.0,1.0,0.0,0.0,0.0,0.0,PLAY_SUPPORTER,0.4,0.0,11,opponent,20
12.0,0.2857142857142857,1.0,2.0,2.0,5.0,5.0,0.0,2.0,0.0,1.0,0.0,0.0,0.0,0.0,0.0,0.0,RETREAT,-0.1,0.0,12,opponent,20
13.0,0.2857142857142857,1.0,1.0,2.0,5.0,4.0,0.0,2.0,0.0,1.0,0.0,0.0,0.0,0.0,0.0,0.0,RETREAT,-0.1,0.0,13,opponent,20
14.0,0.5555555555555556,1.0,1.0,2.0,5.0,4.0,0.0,2.0,0.0,0.0,0.0,1.0,0.0,0.0,0.0,0.0,PLAY_SUPPORTER,0.4,0.0,14,opponent,20
15.0,0.4444444444444444,1.0,1.0,2.0,5.0,4.0,0.0,1.0,0.0,0.0,0.0,1.0,0.0,0.0,0.0,0.0,PLAY_SUPPORTER,0.4,0.0,15,opponent,20
16.0,0.2222222222222222,1.0,1.0,2.0,5.0,4.0,0.0,0.0,0.0,0.0,0.0,0.0,0.0,0.0,0.0,1.0,PASS_TURN,0.0,0.0,16,opponent,20
17.0,0.1111111111111111,1.0,1.0,2.0,5.0,4.0,0.0,0.0,0.0,1.0,0.0,0.0,0.0,0.0,0.0,0.0,RETREAT,-0.1,0.0,17,opponent,20
18.0,0.2857142857142857,1.0,1.0,2.0,5.0,4.0,0.0,0.0,0.0,1.0,0.0,0.0,0.0,0.0,0.0,0.0,RETREAT,-0.1,0.0,18,opponent,20
19.0,0.2857142857142857,1.0,0.0,2.0,5.0,3.0,0.0,0.0,0.0,0.0,0.0,0.0,0.0,0.0,0.0,1.0,PASS_TURN,0.0,0.0,19,opponent,20
1.0,1.0,1.0,2.0,1.0,6.0,6.0,0.0,5.0,0.0,0.0,0.0,1.0,0.0,0.0,0.0,0.0,PLAY_SUPPORTER,0.4,0.0,1,opponent,21
2.0,0.7,1.0,2.0,1.0,6.0,6.0,0.0,4.0,0.0,0.0,0.0,1.0,0.0,0.0,0.0,0.0,PLAY_SUPPORTER,0.4,0.0,2,opponent,21
3.0,0.5,1.0,2.0,1.0,6.0,6.0,0.0,3.0,0.0,1.0,0.0,0.0,0.0,0.0,0.0,0.0,RETREAT,-0.1,0.0,3,opponent,21
4.0,1.0,1.0,2.0,1.0,6.0,6.0,0.0,3.0,0.0,1.0,0.0,0.0,0.0,0.0,0.0,0.0,RETREAT,-0.1,0.0,4,opponent,21
5.0,0.3333333333333333,1.0,2.0,1.0,6.0,6.0,0.0,3.0,0.0,0.0,0.0,1.0,0.0,0.0,0.0,0.0,PLAY_SUPPORTER,0.4,0.0,5,opponent,21
6.0,0.5,1.0,1.0,1.0,6.0,5.0,0.0,2.0,0.0,0.0,0.0,1.0,0.0,0.0,0.0,0.0,PLAY_SUPPORTER,0.4,0.0,6,opponent,21
7.0,0.2,1.0,1.0,1.0,6.0,5.0,0.0,1.0,0.0,1.0,0.0,0.0,0.0,0.0,0.0,0.0,RETREAT,-0.1,0.0,7,opponent,21
8.0,0.6666666666666666,1.0,1.0,1.0,6.0,5.0,0.0,1.0,0.0,0.0,0.0,1.0,0.0,0.0,0.0,0.0,PLAY_SUPPORTER,0.4,0.0,8,opponent,21
9.0,0.5,1.0,1.0,1.0,6.0,5.0,0.0,0.0,0.0,0.0,0.0,0.0,0.0,0.0,0.0,1.0,PASS_TURN,0.0,0.0,9,opponent,21
10.0,0.3333333333333333,1.0,1.0,1.0,6.0,5.0,0.0,0.0,0.0,0.0,0.0,0.0,0.0,0.0,0.0,1.0,PASS_TURN,0.0,0.0,10,opponent,21
11.0,0.3333333333333333,1.0,1.0,1.0,6.0,5.0,0.0,0.0,0.0,1.0,0.0,0.0,0.0,0.0,0.0,0.0,RETREAT,-0.1,0.0,11,opponent,21
12.0,0.3333333333333333,1.0,0.0,1.0,6.0,4.0,0.0,0.0,0.0,0.0,0.0,0.0,0.0,0.0,0.0,1.0,PASS_TURN,0.0,0.0,12,opponent,21
13.0,0.3333333333333333,1.0,0.0,1.0,6.0,4.0,0.0,0.0,0.0,0.0,0.0,0.0,0.0,0.0,0.0,1.0,PASS_TURN,0.0,0.0,13,opponent,21
1.0,1.0,1.0,3.0,2.0,6.0,6.0,3.0,3.0,0.0,0.0,1.0,0.0,0.0,0.0,0.0,0.0,ATTACH_ENERGY,0.3,0.6999999999999997,1,opponent,22
2.0,0.6666666666666666,1.0,3.0,2.0,6.0,6.0,2.0,3.0,1.0,0.0,0.0,0.0,0.0,0.0,0.0,0.0,ATTACK,1.0,0.20000000000000018,2,opponent,22
3.0,0.5,0.8,3.0,2.0,6.0,6.0,2.0,3.0,1.0,0.0,0.0,0.0,0.0,0.0,0.0,0.0,ATTACK,1.0,0.20000000000000018,3,opponent,22
4.0,0.16666666666666666,0.6,3.0,2.0,6.0,6.0,2.0,3.0,0.0,1.0,0.0,0.0,0.0,0.0,0.0,0.0,RETREAT,-0.1,0.0,4,opponent,22
5.0,1.0,0.6,3.0,2.0,6.0,6.0,2.0,3.0,0.0,0.0,0.0,1.0,0.0,0.0,0.0,0.0,PLAY_SUPPORTER,0.4,0.0,5,opponent,22
6.0,1.0,0.6,3.0,2.0,6.0,6.0,2.0,2.0,0.0,0.0,0.0,1.0,0.0,0.0,0.0,0.0,PLAY_SUPPORTER,0.4,0.0,6,opponent,22
7.0,0.5555555555555556,0.6,3.0,2.0,6.0,6.0,2.0,1.0,0.0,0.0,0.0,1.0,0.0,0.0,0.0,0.0,PLAY_SUPPORTER,0.4,0.0,7,opponent,22
8.0,0.1111111111111111,0.6,3.0,2.0,6.0,6.0,2.0,0.0,0.0,1.0,0.0,0.0,0.0,0.0,0.0,0.0,RETREAT,-0.1,0.0,8,opponent,22
9.0,0.1111111111111111,0.6,2.0,2.0,6.0,5.0,2.0,0.0,0.0,1.0,0.0,0.0,0.0,0.0,0.0,0.0,RETREAT,-0.1,0.0,9,opponent,22
10.0,0.5,0.6,2.0,2.0,6.0,5.0,2.0,0.0,0.0,0.0,1.0,0.0,0.0,0.0,0.0,0.0,ATTACH_ENERGY,0.3,0.2999999999999998,10,opponent,22
11.0,0.1111111111111111,0.6,1.0,2.0,6.0,4.0,1.0,0.0,0.0,1.0,0.0,0.0,0.0,0.0,0.0,0.0,RETREAT,-0.1,0.0,11,opponent,22
12.0,0.6666666666666666,0.6,1.0,2.0,6.0,4.0,1.0,0.0,0.0,0.0,1.0,0.0,0.0,0.0,0.0,0.0,ATTACH_ENERGY,0.3,0.2999999999999998,12,opponent,22
13.0,0.6666666666666666,0.6,1.0,2.0,6.0,4.0,0.0,0.0,1.0,0.0,0.0,0.0,0.0,0.0,0.0,0.0,ATTACK,1.5,0.2999999999999998,13,opponent,22
14.0,0.2222222222222222,0.3,1.0,2.0,6.0,4.0,0.0,0.0,1.0,0.0,0.0,0.0,0.0,0.0,0.0,0.0,ATTACK,6.5,-2.2,14,opponent,22
15.0,0.2222222222222222,1.0,1.0,1.0,5.0,4.0,0.0,0.0,1.0,0.0,0.0,0.0,0.0,0.0,0.0,0.0,ATTACK,1.5,0.2999999999999998,15,opponent,22
16.0,0.1111111111111111,0.625,0.0,1.0,5.0,3.0,0.0,0.0,0.0,0.0,0.0,0.0,0.0,0.0,0.0,1.0,PASS_TURN,0.0,0.0,16,opponent,22
1.0,1.0,1.0,3.0,3.0,6.0,6.0,0.0,7.0,0.0,1.0,0.0,0.0,0.0,0.0,0.0,0.0,RETREAT,-0.1,0.0,1,opponent,23
2.0,0.8,1.0,3.0,3.0,6.0,6.0,0.0,7.0,0.0,0.0,0.0,1.0,0.0,0.0,0.0,0.0,PLAY_SUPPORTER,0.4,0.0,2,opponent,23
3.0,0.4,1.0,3.0,3.0,6.0,6.0,0.0,6.0,0.0,0.0,0.0,1.0,0.0,0.0,0.0,0.0,PLAY_SUPPORTER,0.4,0.0,3,opponent,23
4.0,0.1,1.0,3.0,3.0,6.0,6.0,0.0,5.0,0.0,1.0,0.0,0.0,0.0,0.0,0.0,0.0,RETREAT,-0.1,0.0,4,opponent,23
5.0,0.9,1.0,3.0,3.0,6.0,6.0,0.0,5.0,0.0,0.0,0.0,1.0,0.0,0.0,0.0,0.0,PLAY_SUPPORTER,0.4,0.0,5,opponent,23
6.0,0.6,1.0,3.0,3.0,6.0,6.0,0.0,4.0,0.0,0.0,0.0,1.0,0.0,0.0,0.0,0.0,PLAY_SUPPORTER,0.4,0.0,6,opponent,23
7.0,0.3,1.0,3.0,3.0,6.0,6.0,0.0,3.0,0.0,0.0,0.0,1.0,0.0,0.0,0.0,0.0,PLAY_SUPPORTER,0.4,0.0,7,opponent,23
8.0,0.2,1.0,3.0,3.0,6.0,6.0,0.0,2.0,0.0,1.0,0.0,0.0,0.0,0.0,0.0,0.0,RETREAT,-0.1,0.0,8,opponent,23
9.0,0.2,1.0,2.0,3.0,6.0,5.0,0.0,2.0,0.0,1.0,0.0,0.0,0.0,0.0,0.0,0.0,RETREAT,-0.1,0.0,9,opponent,23
10.0,0.6666666666666666,1.0,2.0,3.0,6.0,5.0,0.0,2.0,0.0,0.0,0.0,1.0,0.0,0.0,0.0,0.0,PLAY_SUPPORTER,0.4,0.0,10,opponent,23
11.0,0.5,1.0,2.0,3.0,6.0,5.0,0.0,1.0,0.0,1.0,0.0,0.0,0.0,0.0,0.0,0.0,RETREAT,-0.1,0.0,11,opponent,23
12.0,1.0,1.0,2.0,3.0,6.0,5.0,0.0,1.0,0.0,0.0,0.0,1.0,0.0,0.0,0.0,0.0,PLAY_SUPPORTER,0.4,0.0,12,opponent,23
13.0,0.875,1.0,2.0,3.0,6.0,5.0,0.0,0.0,0.0,0.0,0.0,0.0,0.0,0.0,0.0,1.0,PASS_TURN,0.0,0.0,13,opponent,23
14.0,0.875,1.0,2.0,3.0,6.0,5.0,0.0,0.0,0.0,0.0,0.0,0.0,0.0,0.0,0.0,1.0,PASS_TURN,0.0,0.0,14,opponent,23
15.0,0.5,1.0,2.0,3.0,6.0,5.0,0.0,0.0,0.0,0.0,0.0,0.0,0.0,0.0,0.0,1.0,PASS_TURN,0.0,0.0,15,opponent,23
16.0,0.25,1.0,2.0,3.0,6.0,5.0,0.0,0.0,0.0,1.0,0.0,0.0,0.0,0.0,0.0,0.0,RETREAT,-0.1,0.0,16,opponent,23
17.0,0.2,1.0,2.0,3.0,6.0,5.0,0.0,0.0,0.0,1.0,0.0,0.0,0.0,0.0,0.0,0.0,RETREAT,-0.1,0.0,17,opponent,23
18.0,0.2,1.0,1.0,3.0,6.0,4.0,0.0,0.0,0.0,1.0,0.0,0.0,0.0,0.0,0.0,0.0,RETREAT,-0.1,0.0,18,opponent,23
19.0,0.5,1.0,1.0,3.0,6.0,4.0,0.0,0.0,0.0,0.0,0.0,0.0,0.0,0.0,0.0,1.0,PASS_TURN,0.0,0.0,19,opponent,23
20.0,0.16666666666666666,1.0,1.0,3.0,6.0,4.0,0.0,0.0,0.0,1.0,0.0,0.0,0.0,0.0,0.0,0.0,RETREAT,-0.1,0.0,20,opponent,23
21.0,0.16666666666666666,1.0,0.0,3.0,6.0,3.0,0.0,0.0,0.0,0.0,0.0,0.0,0.0,0.0,0.0,1.0,PASS_TURN,0.0,0.0,21,opponent,23
1.0,1.0,1.0,3.0,3.0,6.0,6.0,0.0,3.0,0.0,0.0,0.0,1.0,0.0,0.0,0.0,0.0,PLAY_SUPPORTER,0.4,0.0,1,opponent,24
2.0,0.42857142857142855,1.0,3.0,3.0,6.0,6.0,0.0,2.0,0.0,0.0,0.0,1.0,0.0,0.0,0.0,0.0,PLAY_SUPPORTER,0.4,0.0,2,opponent,24
3.0,1.0,1.0,2.0,3.0,6.0,5.0,0.0,1.0,0.0,0.0,0.0,1.0,0.0,0.0,0.0,0.0,PLAY_SUPPORTER,0.4,0.0,3,opponent,24
4.0,0.8333333333333334,1.0,2.0,3.0,6.0,5.0,0.0,0.0,0.0,0.0,0.0,0.0,0.0,0.0,0.0,1.0,PASS_TURN,0.0,0.0,4,opponent,24
5.0,0.75,1.0,2.0,3.0,6.0,5.0,0.0,0.0,0.0,1.0,0.0,0.0,0.0,0.0,0.0,0.0,RETREAT,-0.1,0.0,5,opponent,24
6.0,0.6666666666666666,1.0,2.0,3.0,6.0,5.0,0.0,0.0,0.0,0.0,0.0,0.0,0.0,0.0,0.0,1.0,PASS_TURN,0.0,0.0,6,opponent,24
7.0,1.0,1.0,1.0,3.0,6.0,4.0,0.0,0.0,0.0,1.0,0.0,0.0,0.0,0.0,0.0,0.0,RETREAT,-0.1,0.0,7,opponent,24
8.0,0.5833333333333334,1.0,1.0,3.0,6.0,4.0,0.0,0.0,0.0,0.0,0.0,0.0,0.0,0.0,0.0,1.0,PASS_TURN,0.0,0.0,8,opponent,24
9.0,0.5833333333333334,1.0,1.0,3.0,6.0,4.0,0.0,0.0,0.0,0.0,0.0,0.0,0.0,0.0,0.0,1.0,PASS_TURN,0.0,0.0,9,opponent,24
10.0,0.5,1.0,1.0,3.0,6.0,4.0,0.0,0.0,0.0,1.0,0.0,0.0,0.0,0.0,0.0,0.0,RETREAT,-0.1,0.0,10,opponent,24
11.0,0.3333333333333333,1.0,1.0,3.0,6.0,4.0,0.0,0.0,0.0,0.0,0.0,0.0,0.0,0.0,0.0,1.0,PASS_TURN,0.0,0.0,11,opponent,24
12.0,0.5,1.0,0.0,3.0,6.0,3.0,0.0,0.0,0.0,0.0,0.0,0.0,0.0,0.0,0.0,1.0,PASS_TURN,0.0,0.0,12,opponent,24
13.0,0.5,1.0,0.0,3.0,6.0,3.0,0.0,0.0,0.0,0.0,0.0,0.0,0.0,0.0,0.0,1.0,PASS_TURN,0.0,0.0,13,opponent,24
14.0,0.4166666666666667,1.0,0.0,3.0,6.0,3.0,0.0,0.0,0.0,0.0,0.0,0.0,0.0,0.0,0.0,1.0,PASS_TURN,0.0,0.0,14,opponent,24
15.0,0.4166666666666667,1.0,0.0,3.0,6.0,3.0,0.0,0.0,0.0,0.0,0.0,0.0,0.0,0.0,0.0,1.0,PASS_TURN,0.0,0.0,15,opponent,24
16.0,0.4166666666666667,1.0,0.0,3.0,6.0,3.0,0.0,0.0,0.0,0.0,0.0,0.0,0.0,0.0,0.0,1.0,PASS_TURN,0.0,0.0,16,opponent,24
17.0,0.25,1.0,0.0,3.0,6.0,3.0,0.0,0.0,0.0,0.0,0.0,0.0,0.0,0.0,0.0,1.0,PASS_TURN,0.0,0.0,17,opponent,24
18.0,0.16666666666666666,1.0,0.0,3.0,6.0,3.0,0.0,0.0,0.0,0.0,0.0,0.0,0.0,0.0,0.0,1.0,PASS_TURN,0.0,0.0,18,opponent,24
1.0,1.0,1.0,1.0,2.0,6.0,6.0,1.0,4.0,0.0,0.0,1.0,0.0,0.0,0.0,0.0,0.0,ATTACH_ENERGY,0.3,0.7,1,opponent,25
2.0,0.8,1.0,1.0,2.0,6.0,6.0,0.0,4.0,1.0,0.0,0.0,0.0,0.0,0.0,0.0,0.0,ATTACK,0.5,0.10000000000000009,2,opponent,25
3.0,0.7,0.875,1.0,2.0,6.0,6.0,0.0,4.0,1.0,0.0,0.0,0.0,0.0,0.0,0.0,0.0,ATTACK,0.5,0.10000000000000009,3,opponent,25
4.0,0.6,0.75,1.0,2.0,6.0,6.0,0.0,4.0,1.0,0.0,0.0,0.0,0.0,0.0,0.0,0.0,ATTACK,0.5,0.10000000000000009,4,opponent,25
5.0,0.4,0.625,1.0,2.0,6.0,6.0,0.0,4.0,1.0,0.0,0.0,0.0,0.0,0.0,0.0,0.0,ATTACK,0.5,0.10000000000000009,5,opponent,25
6.0,0.1,0.5,1.0,2.0,6.0,6.0,0.0,4.0,0.0,1.0,0.0,0.0,0.0,0.0,0.0,0.0,RETREAT,-0.1,0.0,6,opponent,25
7.0,1.0,0.5,1.0,2.0,6.0,6.0,0.0,4.0,0.0,0.0,0.0,1.0,0.0,0.0,0.0,0.0,PLAY_SUPPORTER,0.4,0.0,7,opponent,25
8.0,0.7777777777777778,0.5,1.0,2.0,6.0,6.0,0.0,3.0,0.0,0.0,0.0,1.0,0.0,0.0,0.0,0.0,PLAY_SUPPORTER,0.4,0.0,8,opponent,25
9.0,0.3333333333333333,0.5,1.0,2.0,6.0,6.0,0.0,2.0,0.0,0.0,0.0,1.0,0.0,0.0,0.0,0.0,PLAY_SUPPORTER,0.4,0.0,9,opponent,25
10.0,0.3333333333333333,0.5,1.0,2.0,6.0,6.0,0.0,1.0,0.0,0.0,0.0,1.0,0.0,0.0,0.0,0.0,PLAY_SUPPORTER,0.4,0.0,10,opponent,25
11.0,0.1111111111111111,0.5,1.0,2.0,6.0,6.0,0.0,0.0,0.0,1.0,0.0,0.0,0.0,0.0,0.0,0.0,RETREAT,-0.1,0.0,11,opponent,25
12.0,0.1111111111111111,0.5,0.0,2.0,6.0,5.0,0.0,0.0,0.0,0.0,0.0,0.0,0.0,0.0,0.0,1.0,PASS_TURN,0.0,0.0,12,opponent,25
1.0,1.0,1.0,3.0,1.0,6.0,6.0,3.0,4.0,0.0,0.0,1.0,0.0,0.0,0.0,0.0,0.0,ATTACH_ENERGY,0.3,0.6999999999999993,1,opponent,26
2.0,0.7,1.0,3.0,1.0,6.0,6.0,2.0,4.0,1.0,0.0,0.0,0.0,0.0,0.0,0.0,0.0,ATTACK,1.5,0.2999999999999998,2,opponent,26
3.0,0.6,0.75,3.0,1.0,6.0,6.0,2.0,4.0,1.0,0.0,0.0,0.0,0.0,0.0,0.0,0.0,ATTACK,1.5,0.2999999999999998,3,opponent,26
4.0,0.3,0.5,3.0,1.0,6.0,6.0,2.0,4.0,1.0,0.0,0.0,0.0,0.0,0.0,0.0,0.0,ATTACK,1.5,0.2999999999999998,4,opponent,26
5.0,1.0,0.25,2.0,1.0,6.0,5.0,2.0,4.0,0.0,0.0,0.0,1.0,0.0,0.0,0.0,0.0,PLAY_SUPPORTER,0.4,0.0,5,opponent,26
6.0,0.9,0.25,2.0,1.0,6.0,5.0,2.0,3.0,0.0,0.0,0.0,1.0,0.0,0.0,0.0,0.0,PLAY_SUPPORTER,0.4,0.0,6,opponent,26
7.0,0.7,0.25,2.0,1.0,6.0,5.0,2.0,2.0,0.0,0.0,0.0,1.0,0.0,0.0,0.0,0.0,PLAY_SUPPORTER,0.4,0.0,7,opponent,26
8.0,0.6,0.25,2.0,1.0,6.0,5.0,2.0,1.0,0.0,0.0,0.0,1.0,0.0,0.0,0.0,0.0,PLAY_SUPPORTER,0.4,0.0,8,opponent,26
9.0,0.3,0.25,2.0,1.0,6.0,5.0,2.0,0.0,0.0,0.0,1.0,0.0,0.0,0.0,0.0,0.0,ATTACH_ENERGY,0.3,0.30000000000000027,9,opponent,26
10.0,0.2,0.25,2.0,1.0,6.0,5.0,1.0,0.0,0.0,1.0,0.0,0.0,0.0,0.0,0.0,0.0,RETREAT,-0.1,0.0,10,opponent,26
11.0,0.5,0.25,2.0,1.0,6.0,5.0,1.0,0.0,0.0,0.0,1.0,0.0,0.0,0.0,0.0,0.0,ATTACH_ENERGY,0.3,0.30000000000000027,11,opponent,26
12.0,0.375,0.25,2.0,1.0,6.0,5.0,0.0,0.0,1.0,0.0,0.0,0.0,0.0,0.0,0.0,0.0,ATTACK,0.5,0.10000000000000009,12,opponent,26
13.0,0.375,0.16666666666666666,2.0,1.0,6.0,5.0,0.0,0.0,1.0,0.0,0.0,0.0,0.0,0.0,0.0,0.0,ATTACK,0.5,0.09999999999999964,13,opponent,26
14.0,0.2,0.08333333333333333,1.0,1.0,6.0,4.0,0.0,0.0,1.0,0.0,0.0,0.0,0.0,0.0,0.0,0.0,ATTACK,5.5,-2.4000000000000004,14,opponent,26
15.0,0.1,1.0,1.0,0.0,5.0,4.0,0.0,0.0,0.0,1.0,0.0,0.0,0.0,0.0,0.0,0.0,RETREAT,-0.1,0.0,15,opponent,26
16.0,0.5,1.0,1.0,0.0,5.0,4.0,0.0,0.0,0.0,0.0,0.0,0.0,0.0,0.0,0.0,1.0,PASS_TURN,0.0,0.0,16,opponent,26
17.0,0.16666666666666666,1.0,1.0,0.0,5.0,4.0,0.0,0.0,0.0,1.0,0.0,0.0,0.0,0.0,0.0,0.0,RETREAT,-0.1,0.0,17,opponent,26
18.0,0.16666666666666666,1.0,0.0,0.0,5.0,3.0,0.0,0.0,0.0,0.0,0.0,0.0,0.0,0.0,0.0,1.0,PASS_TURN,0.0,0.0,18,opponent,26
1.0,1.0,1.0,0.0,1.0,6.0,6.0,2.0,5.0,0.0,0.0,1.0,0.0,0.0,0.0,0.0,0.0,ATTACH_ENERGY,0.3,0.7,1,opponent,27
2.0,0.9285714285714286,1.0,0.0,1.0,6.0,6.0,1.0,5.0,1.0,0.0,0.0,0.0,0.0,0.0,0.0,0.0,ATTACK,1.5,0.29999999999999993,2,opponent,27
3.0,0.6428571428571429,0.5714285714285714,0.0,1.0,6.0,6.0,1.0,5.0,1.0,0.0,0.0,0.0,0.0,0.0,0.0,0.0,ATTACK,1.5,0.3,3,opponent,27
4.0,0.5,0.14285714285714285,0.0,1.0,6.0,6.0,1.0,5.0,1.0,0.0,0.0,0.0,0.0,0.0,0.0,0.0,ATTACK,6.5,-2.4000000000000004,4,opponent,27
5.0,0.21428571428571427,1.0,0.0,0.0,5.0,6.0,1.0,5.0,1.0,0.0,0.0,0.0,0.0,0.0,0.0,0.0,ATTACK,1.5,0.2999999999999998,5,opponent,27
6.0,0.07142857142857142,0.625,0.0,0.0,5.0,6.0,1.0,5.0,1.0,0.0,0.0,0.0,0.0,0.0,0.0,0.0,ATTACK,1.5,0.2999999999999998,6,opponent,27
1.0,1.0,1.0,0.0,3.0,6.0,6.0,2.0,6.0,0.0,0.0,1.0,0.0,0.0,0.0,0.0,0.0,ATTACH_ENERGY,0.3,0.6999999999999997,1,opponent,28
2.0,1.0,1.0,0.0,3.0,6.0,6.0,1.0,6.0,0.0,0.0,0.0,0.0,0.0,0.0,0.0,1.0,PASS_TURN,0.0,0.0,2,opponent,28
3.0,0.7,1.0,0.0,3.0,6.0,6.0,1.0,6.0,1.0,0.0,0.0,0.0,0.0,0.0,0.0,0.0,ATTACK,1.0,0.20000000000000018,3,opponent,28
4.0,0.4,0.8,0.0,3.0,6.0,6.0,1.0,6.0,1.0,0.0,0.0,0.0,0.0,0.0,0.0,0.0,ATTACK,1.0,0.20000000000000018,4,opponent,28
5.0,0.3,0.6,0.0,3.0,6.0,6.0,1.0,6.0,0.0,0.0,0.0,1.0,0.0,0.0,0.0,0.0,PLAY_SUPPORTER,0.4,0.0,5,opponent,28
1.0,1.0,1.0,3.0,0.0,6.0,6.0,3.0,6.0,0.0,0.0,1.0,0.0,0.0,0.0,0.0,0.0,ATTACH_ENERGY,0.3,0.7000000000000002,1,me,29
2.0,0.6666666666666666,1.0,3.0,0.0,6.0,6.0,2.0,6.0,1.0,0.0,0.0,0.0,0.0,0.0,0.0,0.0,ATTACK,1.5,0.3000000000000007,2,me,29
3.0,0.6666666666666666,0.5,3.0,0.0,6.0,6.0,2.0,6.0,1.0,0.0,0.0,0.0,0.0,0.0,0.0,0.0,ATTACK,6.5,-2.700000000000001,3,me,29
1.0,1.0,1.0,3.0,1.0,6.0,6.0,1.0,2.0,0.0,0.0,1.0,0.0,0.0,0.0,0.0,0.0,ATTACH_ENERGY,0.3,0.6999999999999993,1,opponent,30
2.0,0.6666666666666666,1.0,3.0,1.0,6.0,6.0,0.0,2.0,1.0,0.0,0.0,0.0,0.0,0.0,0.0,0.0,ATTACK,1.5,0.3000000000000007,2,opponent,30
3.0,0.3333333333333333,0.625,3.0,1.0,6.0,6.0,0.0,2.0,1.0,0.0,0.0,0.0,0.0,0.0,0.0,0.0,ATTACK,1.5,0.2999999999999998,3,opponent,30
4.0,0.08333333333333333,0.25,3.0,1.0,6.0,6.0,0.0,2.0,1.0,0.0,0.0,0.0,0.0,0.0,0.0,0.0,ATTACK,6.5,-2.3,4,opponent,30
5.0,1.0,1.0,2.0,0.0,5.0,5.0,0.0,2.0,0.0,1.0,0.0,0.0,0.0,0.0,0.0,0.0,RETREAT,-0.1,0.0,5,opponent,30
6.0,0.6666666666666666,1.0,2.0,0.0,5.0,5.0,0.0,2.0,0.0,0.0,0.0,1.0,0.0,0.0,0.0,0.0,PLAY_SUPPORTER,0.4,0.0,6,opponent,30
7.0,0.4166666666666667,1.0,2.0,0.0,5.0,5.0,0.0,1.0,0.0,0.0,0.0,1.0,0.0,0.0,0.0,0.0,PLAY_SUPPORTER,0.4,0.0,7,opponent,30
8.0,0.4166666666666667,1.0,2.0,0.0,5.0,5.0,0.0,0.0,0.0,0.0,0.0,0.0,0.0,0.0,0.0,1.0,PASS_TURN,0.0,0.0,8,opponent,30
9.0,0.08333333333333333,1.0,2.0,0.0,5.0,5.0,0.0,0.0,0.0,1.0,0.0,0.0,0.0,0.0,0.0,0.0,RETREAT,-0.1,0.0,9,opponent,30
10.0,0.3333333333333333,1.0,2.0,0.0,5.0,5.0,0.0,0.0,0.0,0.0,0.0,0.0,0.0,0.0,0.0,1.0,PASS_TURN,0.0,0.0,10,opponent,30
11.0,0.16666666666666666,1.0,2.0,0.0,5.0,5.0,0.0,0.0,0.0,1.0,0.0,0.0,0.0,0.0,0.0,0.0,RETREAT,-0.1,0.0,11,opponent,30
12.0,0.16666666666666666,1.0,1.0,0.0,5.0,4.0,0.0,0.0,0.0,1.0,0.0,0.0,0.0,0.0,0.0,0.0,RETREAT,-0.1,0.0,12,opponent,30
13.0,1.0,1.0,1.0,0.0,5.0,4.0,0.0,0.0,0.0,0.0,0.0,0.0,0.0,0.0,0.0,1.0,PASS_TURN,0.0,0.0,13,opponent,30
14.0,0.5,1.0,1.0,0.0,5.0,4.0,0.0,0.0,0.0,0.0,0.0,0.0,0.0,0.0,0.0,1.0,PASS_TURN,0.0,0.0,14,opponent,30
15.0,0.5,1.0,1.0,0.0,5.0,4.0,0.0,0.0,0.0,0.0,0.0,0.0,0.0,0.0,0.0,1.0,PASS_TURN,0.0,0.0,15,opponent,30
16.0,0.5,1.0,1.0,0.0,5.0,4.0,0.0,0.0,0.0,0.0,0.0,0.0,0.0,0.0,0.0,1.0,PASS_TURN,0.0,0.0,16,opponent,30
17.0,0.16666666666666666,1.0,0.0,0.0,5.0,3.0,0.0,0.0,0.0,0.0,0.0,0.0,0.0,0.0,0.0,1.0,PASS_TURN,0.0,0.0,17,opponent,30
18.0,0.16666666666666666,1.0,0.0,0.0,5.0,3.0,0.0,0.0,0.0,0.0,0.0,0.0,0.0,0.0,0.0,1.0,PASS_TURN,0.0,0.0,18,opponent,30
1.0,1.0,1.0,1.0,3.0,6.0,6.0,1.0,3.0,0.0,0.0,1.0,0.0,0.0,0.0,0.0,0.0,ATTACH_ENERGY,0.3,0.7,1,opponent,31
2.0,0.8333333333333334,1.0,1.0,3.0,6.0,6.0,0.0,3.0,1.0,0.0,0.0,0.0,0.0,0.0,0.0,0.0,ATTACK,1.0,0.19999999999999996,2,opponent,31
3.0,0.16666666666666666,0.8571428571428571,1.0,3.0,6.0,6.0,0.0,3.0,0.0,1.0,0.0,0.0,0.0,0.0,0.0,0.0,RETREAT,-0.1,0.0,3,opponent,31
4.0,0.7857142857142857,0.8571428571428571,1.0,3.0,6.0,6.0,0.0,3.0,0.0,0.0,0.0,1.0,0.0,0.0,0.0,0.0,PLAY_SUPPORTER,0.4,0.0,4,opponent,31
5.0,0.5714285714285714,0.8571428571428571,1.0,3.0,6.0,6.0,0.0,2.0,0.0,0.0,0.0,1.0,0.0,0.0,0.0,0.0,PLAY_SUPPORTER,0.4,0.0,5,opponent,31
6.0,0.42857142857142855,0.8571428571428571,1.0,3.0,6.0,6.0,0.0,1.0,0.0,0.0,0.0,1.0,0.0,0.0,0.0,0.0,PLAY_SUPPORTER,0.4,0.0,6,opponent,31
7.0,0.42857142857142855,0.8571428571428571,1.0,3.0,6.0,6.0,0.0,0.0,0.0,0.0,0.0,0.0,0.0,0.0,0.0,1.0,PASS_TURN,0.0,0.0,7,opponent,31
8.0,0.2857142857142857,0.8571428571428571,1.0,3.0,6.0,6.0,0.0,0.0,0.0,1.0,0.0,0.0,0.0,0.0,0.0,0.0,RETREAT,-0.1,0.0,8,opponent,31
9.0,0.2857142857142857,0.8571428571428571,0.0,3.0,6.0,5.0,0.0,0.0,0.0,0.0,0.0,0.0,0.0,0.0,0.0,1.0,PASS_TURN,0.0,0.0,9,opponent,31
10.0,0.2857142857142857,0.8571428571428571,0.0,3.0,6.0,5.0,0.0,0.0,0.0,0.0,0.0,0.0,0.0,0.0,0.0,1.0,PASS_TURN,0.0,0.0,10,opponent,31
11.0,0.21428571428571427,0.8571428571428571,0.0,3.0,6.0,5.0,0.0,0.0,0.0,0.0,0.0,0.0,0.0,0.0,0.0,1.0,PASS_TURN,0.0,0.0,11,opponent,31
1.0,1.0,1.0,1.0,2.0,6.0,6.0,2.0,2.0,0.0,0.0,1.0,0.0,0.0,0.0,0.0,0.0,ATTACH_ENERGY,0.3,0.7,1,opponent,32
2.0,1.0,1.0,1.0,2.0,6.0,6.0,1.0,2.0,1.0,0.0,0.0,0.0,0.0,0.0,0.0,0.0,ATTACK,1.0,0.19999999999999996,2,opponent,32
3.0,0.9285714285714286,0.6666666666666666,1.0,2.0,6.0,6.0,1.0,2.0,1.0,0.0,0.0,0.0,0.0,0.0,0.0,0.0,ATTACK,1.0,0.19999999999999996,3,opponent,32
4.0,0.7142857142857143,0.3333333333333333,1.0,2.0,6.0,6.0,1.0,2.0,1.0,0.0,0.0,0.0,0.0,0.0,0.0,0.0,ATTACK,6.0,-2.3,4,opponent,32
5.0,0.5,1.0,1.0,1.0,5.0,6.0,1.0,2.0,1.0,0.0,0.0,0.0,0.0,0.0,0.0,0.0,ATTACK,1.0,0.20000000000000018,5,opponent,32
6.0,0.35714285714285715,0.75,1.0,1.0,5.0,6.0,1.0,2.0,0.0,0.0,1.0,0.0,0.0,0.0,0.0,0.0,ATTACH_ENERGY,0.3,0.30000000000000027,6,opponent,32
7.0,0.21428571428571427,0.75,1.0,1.0,5.0,6.0,0.0,2.0,0.0,1.0,0.0,0.0,0.0,0.0,0.0,0.0,RETREAT,-0.1,0.0,7,opponent,32
8.0,0.875,0.75,1.0,1.0,5.0,6.0,0.0,2.0,0.0,0.0,0.0,1.0,0.0,0.0,0.0,0.0,PLAY_SUPPORTER,0.4,0.0,8,opponent,32
9.0,0.375,0.75,1.0,1.0,5.0,6.0,0.0,1.0,0.0,0.0,0.0,0.0,1.0,0.0,0.0,0.0,PLAY_BASIC_TO_BENCH,0.2,1.1999999999999997,9,opponent,32
10.0,0.21428571428571427,0.75,1.0,1.0,5.0,5.0,0.0,0.0,0.0,1.0,0.0,0.0,0.0,0.0,0.0,0.0,RETREAT,-0.1,0.0,10,opponent,32
11.0,0.5714285714285714,0.75,1.0,1.0,5.0,5.0,0.0,0.0,0.0,0.0,0.0,0.0,0.0,0.0,0.0,1.0,PASS_TURN,0.0,0.0,11,opponent,32
12.0,0.5714285714285714,0.75,1.0,1.0,5.0,5.0,0.0,0.0,0.0,0.0,0.0,0.0,0.0,0.0,0.0,1.0,PASS_TURN,0.0,0.0,12,opponent,32
13.0,0.42857142857142855,0.75,1.0,1.0,5.0,5.0,0.0,0.0,0.0,1.0,0.0,0.0,0.0,0.0,0.0,0.0,RETREAT,-0.1,0.0,13,opponent,32
14.0,0.42857142857142855,0.75,0.0,1.0,5.0,4.0,0.0,0.0,0.0,0.0,0.0,0.0,0.0,0.0,0.0,1.0,PASS_TURN,0.0,0.0,14,opponent,32
15.0,0.14285714285714285,0.75,0.0,1.0,5.0,4.0,0.0,0.0,0.0,0.0,0.0,0.0,0.0,0.0,0.0,1.0,PASS_TURN,0.0,0.0,15,opponent,32
1.0,1.0,1.0,0.0,1.0,6.0,6.0,1.0,6.0,0.0,0.0,1.0,0.0,0.0,0.0,0.0,0.0,ATTACH_ENERGY,0.3,0.7000000000000001,1,opponent,33
2.0,0.6666666666666666,1.0,0.0,1.0,6.0,6.0,0.0,6.0,1.0,0.0,0.0,0.0,0.0,0.0,0.0,0.0,ATTACK,0.5,0.09999999999999987,2,opponent,33
3.0,0.6666666666666666,0.9285714285714286,0.0,1.0,6.0,6.0,0.0,6.0,1.0,0.0,0.0,0.0,0.0,0.0,0.0,0.0,ATTACK,0.5,0.10000000000000009,3,opponent,33
4.0,0.5833333333333334,0.8571428571428571,0.0,1.0,6.0,6.0,0.0,6.0,1.0,0.0,0.0,0.0,0.0,0.0,0.0,0.0,ATTACK,0.5,0.10000000000000009,4,opponent,33
5.0,0.25,0.7857142857142857,0.0,1.0,6.0,6.0,0.0,6.0,0.0,0.0,0.0,1.0,0.0,0.0,0.0,0.0,PLAY_SUPPORTER,0.4,0.0,5,opponent,33
1.0,1.0,1.0,1.0,0.0,6.0,6.0,0.0,6.0,0.0,0.0,0.0,1.0,0.0,0.0,0.0,0.0,PLAY_SUPPORTER,0.4,0.0,1,opponent,34
2.0,0.7777777777777778,1.0,1.0,0.0,6.0,6.0,0.0,5.0,0.0,0.0,0.0,1.0,0.0,0.0,0.0,0.0,PLAY_SUPPORTER,0.4,0.0,2,opponent,34
3.0,0.3333333333333333,1.0,1.0,0.0,6.0,6.0,0.0,4.0,0.0,0.0,0.0,1.0,0.0,0.0,0.0,0.0,PLAY_SUPPORTER,0.4,0.0,3,opponent,34
4.0,1.0,1.0,0.0,0.0,6.0,5.0,0.0,3.0,0.0,0.0,0.0,1.0,0.0,0.0,0.0,0.0,PLAY_SUPPORTER,0.4,0.0,4,opponent,34
5.0,0.8571428571428571,1.0,0.0,0.0,6.0,5.0,0.0,2.0,0.0,0.0,0.0,1.0,0.0,0.0,0.0,0.0,PLAY_SUPPORTER,0.4,0.0,5,opponent,34
6.0,0.7142857142857143,1.0,0.0,0.0,6.0,5.0,0.0,1.0,0.0,0.0,0.0,1.0,0.0,0.0,0.0,0.0,PLAY_SUPPORTER,0.4,0.0,6,opponent,34
7.0,0.6428571428571429,1.0,0.0,0.0,6.0,5.0,0.0,0.0,0.0,0.0,0.0,0.0,0.0,0.0,0.0,1.0,PASS_TURN,0.0,0.0,7,opponent,34
8.0,0.6428571428571429,1.0,0.0,0.0,6.0,5.0,0.0,0.0,0.0,0.0,0.0,0.0,0.0,0.0,0.0,1.0,PASS_TURN,0.0,0.0,8,opponent,34
9.0,0.5,1.0,0.0,0.0,6.0,5.0,0.0,0.0,0.0,0.0,0.0,0.0,0.0,0.0,0.0,1.0,PASS_TURN,0.0,0.0,9,opponent,34
10.0,0.5,1.0,0.0,0.0,6.0,5.0,0.0,0.0,0.0,0.0,0.0,0.0,0.0,0.0,0.0,1.0,PASS_TURN,0.0,0.0,10,opponent,34
11.0,0.2857142857142857,1.0,0.0,0.0,6.0,5.0,0.0,0.0,0.0,0.0,0.0,0.0,0.0,0.0,0.0,1.0,PASS_TURN,0.0,0.0,11,opponent,34
12.0,0.07142857142857142,1.0,0.0,0.0,6.0,5.0,0.0,0.0,0.0,0.0,0.0,0.0,0.0,0.0,0.0,1.0,PASS_TURN,0.0,0.0,12,opponent,34
13.0,0.07142857142857142,1.0,0.0,0.0,6.0,5.0,0.0,0.0,0.0,0.0,0.0,0.0,0.0,0.0,0.0,1.0,PASS_TURN,0.0,0.0,13,opponent,34
1.0,1.0,1.0,1.0,3.0,6.0,6.0,1.0,7.0,0.0,0.0,1.0,0.0,0.0,0.0,0.0,0.0,ATTACH_ENERGY,0.3,0.7000000000000002,1,opponent,35
2.0,0.8,1.0,1.0,3.0,6.0,6.0,0.0,7.0,1.0,0.0,0.0,0.0,0.0,0.0,0.0,0.0,ATTACK,1.0,0.20000000000000018,2,opponent,35
3.0,0.8,0.6666666666666666,1.0,3.0,6.0,6.0,0.0,7.0,1.0,0.0,0.0,0.0,0.0,0.0,0.0,0.0,ATTACK,1.0,0.1999999999999993,3,opponent,35
4.0,0.8,0.3333333333333333,1.0,3.0,6.0,6.0,0.0,7.0,1.0,0.0,0.0,0.0,0.0,0.0,0.0,0.0,ATTACK,6.0,-2.3,4,opponent,35
5.0,0.5,1.0,1.0,2.0,5.0,6.0,0.0,7.0,0.0,0.0,0.0,1.0,0.0,0.0,0.0,0.0,PLAY_SUPPORTER,0.4,0.0,5,opponent,35
6.0,0.3,1.0,1.0,2.0,5.0,6.0,0.0,6.0,0.0,0.0,0.0,1.0,0.0,0.0,0.0,0.0,PLAY_SUPPORTER,0.4,0.0,6,opponent,35
7.0,1.0,1.0,0.0,2.0,5.0,5.0,0.0,5.0,0.0,0.0,0.0,1.0,0.0,0.0,0.0,0.0,PLAY_SUPPORTER,0.4,0.0,7,opponent,35
8.0,0.8571428571428571,1.0,0.0,2.0,5.0,5.0,0.0,4.0,0.0,0.0,0.0,1.0,0.0,0.0,0.0,0.0,PLAY_SUPPORTER,0.4,0.0,8,opponent,35
9.0,0.5714285714285714,1.0,0.0,2.0,5.0,5.0,0.0,3.0,0.0,0.0,0.0,1.0,0.0,0.0,0.0,0.0,PLAY_SUPPORTER,0.4,0.0,9,opponent,35
10.0,0.2857142857142857,1.0,0.0,2.0,5.0,5.0,0.0,2.0,0.0,0.0,0.0,1.0,0.0,0.0,0.0,0.0,PLAY_SUPPORTER,0.4,0.0,10,opponent,35
1.0,1.0,1.0,2.0,0.0,6.0,6.0,0.0,4.0,0.0,0.0,0.0,1.0,0.0,0.0,0.0,0.0,PLAY_SUPPORTER,0.4,0.0,1,opponent,36
2.0,0.75,1.0,2.0,0.0,6.0,6.0,0.0,3.0,0.0,0.0,0.0,1.0,0.0,0.0,0.0,0.0,PLAY_SUPPORTER,0.4,0.0,2,opponent,36
3.0,0.375,1.0,2.0,0.0,6.0,6.0,0.0,2.0,0.0,0.0,0.0,1.0,0.0,0.0,0.0,0.0,PLAY_SUPPORTER,0.4,0.0,3,opponent,36
4.0,0.125,1.0,2.0,0.0,6.0,6.0,0.0,1.0,0.0,1.0,0.0,0.0,0.0,0.0,0.0,0.0,RETREAT,-0.1,0.0,4,opponent,36
5.0,0.6,1.0,2.0,0.0,6.0,6.0,0.0,1.0,0.0,0.0,0.0,1.0,0.0,0.0,0.0,0.0,PLAY_SUPPORTER,0.4,0.0,5,opponent,36
6.0,0.6,1.0,2.0,0.0,6.0,6.0,0.0,0.0,0.0,0.0,0.0,0.0,0.0,0.0,0.0,1.0,PASS_TURN,0.0,0.0,6,opponent,36
7.0,0.2,1.0,2.0,0.0,6.0,6.0,0.0,0.0,0.0,1.0,0.0,0.0,0.0,0.0,0.0,0.0,RETREAT,-0.1,0.0,7,opponent,36
8.0,0.2,1.0,1.0,0.0,6.0,5.0,0.0,0.0,0.0,1.0,0.0,0.0,0.0,0.0,0.0,0.0,RETREAT,-0.1,0.0,8,opponent,36
9.0,0.7777777777777778,1.0,1.0,0.0,6.0,5.0,0.0,0.0,0.0,1.0,0.0,0.0,0.0,0.0,0.0,0.0,RETREAT,-0.1,0.0,9,opponent,36
10.0,0.7777777777777778,1.0,0.0,0.0,6.0,4.0,0.0,0.0,0.0,0.0,0.0,0.0,0.0,0.0,0.0,1.0,PASS_TURN,0.0,0.0,10,opponent,36
11.0,0.3333333333333333,1.0,0.0,0.0,6.0,4.0,0.0,0.0,0.0,0.0,0.0,0.0,0.0,0.0,0.0,1.0,PASS_TURN,0.0,0.0,11,opponent,36
1.0,1.0,1.0,0.0,0.0,6.0,6.0,3.0,7.0,0.0,0.0,1.0,0.0,0.0,0.0,0.0,0.0,ATTACH_ENERGY,0.3,0.7,1,me,37
2.0,0.7777777777777778,1.0,0.0,0.0,6.0,6.0,2.0,7.0,1.0,0.0,0.0,0.0,0.0,0.0,0.0,0.0,ATTACK,1.0,0.19999999999999996,2,me,37
3.0,0.7777777777777778,0.8,0.0,0.0,6.0,6.0,2.0,7.0,1.0,0.0,0.0,0.0,0.0,0.0,0.0,0.0,ATTACK,1.0,0.20000000000000007,3,me,37
4.0,0.7777777777777778,0.6,0.0,0.0,6.0,6.0,2.0,7.0,1.0,0.0,0.0,0.0,0.0,0.0,0.0,0.0,ATTACK,1.0,0.19999999999999996,4,me,37
5.0,0.7777777777777778,0.4,0.0,0.0,6.0,6.0,2.0,7.0,1.0,0.0,0.0,0.0,0.0,0.0,0.0,0.0,ATTACK,1.0,0.20000000000000007,5,me,37
6.0,0.5555555555555556,0.2,0.0,0.0,6.0,6.0,2.0,7.0,1.0,0.0,0.0,0.0,0.0,0.0,0.0,0.0,ATTACK,6.0,-2.8000000000000003,6,me,37
1.0,1.0,1.0,0.0,0.0,6.0,6.0,3.0,5.0,0.0,0.0,1.0,0.0,0.0,0.0,0.0,0.0,ATTACH_ENERGY,0.3,0.7000000000000001,1,opponent,38
2.0,0.8333333333333334,1.0,0.0,0.0,6.0,6.0,2.0,5.0,1.0,0.0,0.0,0.0,0.0,0.0,0.0,0.0,ATTACK,1.0,0.20000000000000012,2,opponent,38
3.0,0.8333333333333334,0.8571428571428571,0.0,0.0,6.0,6.0,2.0,5.0,1.0,0.0,0.0,0.0,0.0,0.0,0.0,0.0,ATTACK,1.0,0.19999999999999996,3,opponent,38
4.0,0.16666666666666666,0.7142857142857143,0.0,0.0,6.0,6.0,2.0,5.0,0.0,0.0,0.0,1.0,0.0,0.0,0.0,0.0,PLAY_SUPPORTER,0.4,0.0,4,opponent,38
5.0,0.16666666666666666,0.7142857142857143,0.0,0.0,6.0,6.0,2.0,4.0,0.0,0.0,0.0,1.0,0.0,0.0,0.0,0.0,PLAY_SUPPORTER,0.4,0.0,5,opponent,38
1.0,1.0,1.0,1.0,1.0,6.0,6.0,0.0,7.0,0.0,0.0,0.0,1.0,0.0,0.0,0.0,0.0,PLAY_SUPPORTER,0.4,0.0,1,opponent,39
2.0,0.8333333333333334,1.0,1.0,1.0,6.0,6.0,0.0,6.0,0.0,0.0,0.0,1.0,0.0,0.0,0.0,0.0,PLAY_SUPPORTER,0.4,0.0,2,opponent,39
3.0,0.75,1.0,1.0,1.0,6.0,6.0,0.0,5.0,0.0,0.0,0.0,1.0,0.0,0.0,0.0,0.0,PLAY_SUPPORTER,0.4,0.0,3,opponent,39
4.0,0.6666666666666666,1.0,1.0,1.0,6.0,6.0,0.0,4.0,0.0,0.0,0.0,1.0,0.0,0.0,0.0,0.0,PLAY_SUPPORTER,0.4,0.0,4,opponent,39
5.0,0.6666666666666666,1.0,1.0,1.0,6.0,6.0,0.0,3.0,0.0,0.0,0.0,1.0,0.0,0.0,0.0,0.0,PLAY_SUPPORTER,0.4,0.0,5,opponent,39
6.0,0.4166666666666667,1.0,1.0,1.0,6.0,6.0,0.0,2.0,0.0,0.0,0.0,1.0,0.0,0.0,0.0,0.0,PLAY_SUPPORTER,0.4,0.0,6,opponent,39
7.0,0.08333333333333333,1.0,1.0,1.0,6.0,6.0,0.0,1.0,0.0,1.0,0.0,0.0,0.0,0.0,0.0,0.0,RETREAT,-0.1,0.0,7,opponent,39
8.0,0.5,1.0,1.0,1.0,6.0,6.0,0.0,1.0,0.0,0.0,0.0,1.0,0.0,0.0,0.0,0.0,PLAY_SUPPORTER,0.4,0.0,8,opponent,39
9.0,0.375,1.0,1.0,1.0,6.0,6.0,0.0,0.0,0.0,0.0,0.0,0.0,0.0,0.0,0.0,1.0,PASS_TURN,0.0,0.0,9,opponent,39
10.0,0.375,1.0,1.0,1.0,6.0,6.0,0.0,0.0,0.0,0.0,0.0,0.0,0.0,0.0,0.0,1.0,PASS_TURN,0.0,0.0,10,opponent,39
11.0,0.125,1.0,1.0,1.0,6.0,6.0,0.0,0.0,0.0,1.0,0.0,0.0,0.0,0.0,0.0,0.0,RETREAT,-0.1,0.0,11,opponent,39
12.0,0.125,1.0,0.0,1.0,6.0,5.0,0.0,0.0,0.0,0.0,0.0,0.0,0.0,0.0,0.0,1.0,PASS_TURN,0.0,0.0,12,opponent,39
1.0,1.0,1.0,0.0,0.0,6.0,6.0,1.0,3.0,0.0,0.0,1.0,0.0,0.0,0.0,0.0,0.0,ATTACH_ENERGY,0.3,0.7,1,opponent,40
2.0,0.5,1.0,0.0,0.0,6.0,6.0,0.0,3.0,1.0,0.0,0.0,0.0,0.0,0.0,0.0,0.0,ATTACK,0.5,0.10000000000000009,2,opponent,40
3.0,0.16666666666666666,0.9166666666666666,0.0,0.0,6.0,6.0,0.0,3.0,0.0,0.0,0.0,1.0,0.0,0.0,0.0,0.0,PLAY_SUPPORTER,0.4,0.0,3,opponent,40
1.0,1.0,1.0,3.0,2.0,6.0,6.0,3.0,5.0,0.0,0.0,1.0,0.0,0.0,0.0,0.0,0.0,ATTACH_ENERGY,0.3,0.6999999999999997,1,opponent,41
2.0,0.5555555555555556,1.0,3.0,2.0,6.0,6.0,2.0,5.0,1.0,0.0,0.0,0.0,0.0,0.0,0.0,0.0,ATTACK,1.5,0.2999999999999998,2,opponent,41
3.0,0.4444444444444444,0.5714285714285714,3.0,2.0,6.0,6.0,2.0,5.0,1.0,0.0,0.0,0.0,0.0,0.0,0.0,0.0,ATTACK,1.5,0.2999999999999998,3,opponent,41
4.0,0.1111111111111111,0.14285714285714285,3.0,2.0,6.0,6.0,2.0,5.0,1.0,0.0,0.0,0.0,0.0,0.0,0.0,0.0,ATTACK,6.5,-2.4000000000000004,4,opponent,41
5.0,1.0,1.0,2.0,1.0,5.0,5.0,2.0,5.0,0.0,0.0,0.0,1.0,0.0,0.0,0.0,0.0,PLAY_SUPPORTER,0.4,0.0,5,opponent,41
6.0,0.3333333333333333,1.0,2.0,1.0,5.0,5.0,2.0,4.0,0.0,0.0,0.0,1.0,0.0,0.0,0.0,0.0,PLAY_SUPPORTER,0.4,0.0,6,opponent,41
7.0,1.0,1.0,1.0,1.0,5.0,4.0,2.0,3.0,0.0,0.0,0.0,1.0,0.0,0.0,0.0,0.0,PLAY_SUPPORTER,0.4,0.0,7,opponent,41
8.0,0.6,1.0,1.0,1.0,5.0,4.0,2.0,2.0,0.0,0.0,0.0,1.0,0.0,0.0,0.0,0.0,PLAY_SUPPORTER,0.4,0.0,8,opponent,41
9.0,0.2,1.0,1.0,1.0,5.0,4.0,2.0,1.0,0.0,1.0,0.0,0.0,0.0,0.0,0.0,0.0,RETREAT,-0.1,0.0,9,opponent,41
10.0,1.0,1.0,1.0,1.0,5.0,4.0,2.0,1.0,0.0,0.0,0.0,1.0,0.0,0.0,0.0,0.0,PLAY_SUPPORTER,0.4,0.0,10,opponent,41
11.0,1.0,1.0,1.0,1.0,5.0,4.0,2.0,0.0,0.0,0.0,1.0,0.0,0.0,0.0,0.0,0.0,ATTACH_ENERGY,0.3,0.2999999999999998,11,opponent,41
12.0,0.8571428571428571,1.0,1.0,1.0,5.0,4.0,1.0,0.0,1.0,0.0,0.0,0.0,0.0,0.0,0.0,0.0,ATTACK,0.5,0.10000000000000009,12,opponent,41
13.0,0.8571428571428571,0.8571428571428571,1.0,1.0,5.0,4.0,1.0,0.0,1.0,0.0,0.0,0.0,0.0,0.0,0.0,0.0,ATTACK,0.5,0.10000000000000009,13,opponent,41
14.0,0.2857142857142857,0.7142857142857143,1.0,1.0,5.0,4.0,1.0,0.0,0.0,1.0,0.0,0.0,0.0,0.0,0.0,0.0,RETREAT,-0.1,0.0,14,opponent,41
15.0,0.2857142857142857,0.7142857142857143,0.0,1.0,5.0,3.0,1.0,0.0,0.0,0.0,1.0,0.0,0.0,0.0,0.0,0.0,ATTACH_ENERGY,0.3,0.2999999999999998,15,opponent,41
16.0,0.14285714285714285,0.7142857142857143,0.0,1.0,5.0,3.0,0.0,0.0,0.0,0.0,0.0,0.0,0.0,0.0,0.0,1.0,PASS_TURN,0.0,0.0,16,opponent,41
17.0,0.14285714285714285,0.7142857142857143,0.0,1.0,5.0,3.0,0.0,0.0,0.0,0.0,0.0,0.0,0.0,0.0,0.0,1.0,PASS_TURN,0.0,0.0,17,opponent,41
18.0,0.14285714285714285,0.7142857142857143,0.0,1.0,5.0,3.0,0.0,0.0,0.0,0.0,0.0,0.0,0.0,0.0,0.0,1.0,PASS_TURN,0.0,0.0,18,opponent,41
19.0,0.14285714285714285,0.7142857142857143,0.0,1.0,5.0,3.0,0.0,0.0,0.0,0.0,0.0,0.0,0.0,0.0,0.0,1.0,PASS_TURN,0.0,0.0,19,opponent,41
1.0,1.0,1.0,2.0,2.0,6.0,6.0,1.0,6.0,0.0,0.0,1.0,0.0,0.0,0.0,0.0,0.0,ATTACH_ENERGY,0.3,0.7000000000000002,1,opponent,42
2.0,0.7857142857142857,1.0,2.0,2.0,6.0,6.0,0.0,6.0,1.0,0.0,0.0,0.0,0.0,0.0,0.0,0.0,ATTACK,1.0,0.19999999999999973,2,opponent,42
3.0,0.6428571428571429,0.7142857142857143,2.0,2.0,6.0,6.0,0.0,6.0,1.0,0.0,0.0,0.0,0.0,0.0,0.0,0.0,ATTACK,1.0,0.19999999999999973,3,opponent,42
4.0,0.42857142857142855,0.42857142857142855,2.0,2.0,6.0,6.0,0.0,6.0,1.0,0.0,0.0,0.0,0.0,0.0,0.0,0.0,ATTACK,1.0,0.19999999999999996,4,opponent,42
5.0,0.42857142857142855,0.14285714285714285,2.0,2.0,6.0,6.0,0.0,6.0,1.0,0.0,0.0,0.0,0.0,0.0,0.0,0.0,ATTACK,6.0,-2.4,5,opponent,42
6.0,0.2857142857142857,1.0,2.0,1.0,5.0,6.0,0.0,6.0,0.0,1.0,0.0,0.0,0.0,0.0,0.0,0.0,RETREAT,-0.1,0.0,6,opponent,42
7.0,0.9,1.0,2.0,1.0,5.0,6.0,0.0,6.0,0.0,0.0,0.0,1.0,0.0,0.0,0.0,0.0,PLAY_SUPPORTER,0.4,0.0,7,opponent,42
8.0,0.7,1.0,2.0,1.0,5.0,6.0,0.0,5.0,0.0,0.0,0.0,1.0,0.0,0.0,0.0,0.0,PLAY_SUPPORTER,0.4,0.0,8,opponent,42
9.0,0.3,1.0,2.0,1.0,5.0,6.0,0.0,4.0,0.0,0.0,0.0,1.0,0.0,0.0,0.0,0.0,PLAY_SUPPORTER,0.4,0.0,9,opponent,42
10.0,0.2,1.0,2.0,1.0,5.0,6.0,0.0,3.0,0.0,1.0,0.0,0.0,0.0,0.0,0.0,0.0,RETREAT,-0.1,0.0,10,opponent,42
11.0,0.2857142857142857,1.0,2.0,1.0,5.0,6.0,0.0,3.0,0.0,1.0,0.0,0.0,0.0,0.0,0.0,0.0,RETREAT,-0.1,0.0,11,opponent,42
12.0,0.7,1.0,2.0,1.0,5.0,6.0,0.0,3.0,0.0,0.0,0.0,1.0,0.0,0.0,0.0,0.0,PLAY_SUPPORTER,0.4,0.0,12,opponent,42
13.0,0.3,1.0,2.0,1.0,5.0,6.0,0.0,2.0,0.0,0.0,0.0,1.0,0.0,0.0,0.0,0.0,PLAY_SUPPORTER,0.4,0.0,13,opponent,42
14.0,0.2,1.0,1.0,1.0,5.0,5.0,0.0,1.0,0.0,1.0,0.0,0.0,0.0,0.0,0.0,0.0,RETREAT,-0.1,0.0,14,opponent,42
15.0,0.07142857142857142,1.0,1.0,1.0,5.0,5.0,0.0,1.0,0.0,1.0,0.0,0.0,0.0,0.0,0.0,0.0,RETREAT,-0.1,0.0,15,opponent,42
16.0,0.07142857142857142,1.0,0.0,1.0,5.0,4.0,0.0,1.0,0.0,0.0,0.0,1.0,0.0,0.0,0.0,0.0,PLAY_SUPPORTER,0.4,0.0,16,opponent,42
17.0,0.07142857142857142,1.0,0.0,1.0,5.0,4.0,0.0,0.0,1.0,0.0,0.0,0.0,0.0,0.0,0.0,0.0,ATTACK,1.0,0.19999999999999996,17,opponent,42
1.0,1.0,1.0,3.0,1.0,6.0,6.0,1.0,3.0,0.0,0.0,1.0,0.0,0.0,0.0,0.0,0.0,ATTACH_ENERGY,0.3,0.6999999999999993,1,opponent,43
2.0,0.5,1.0,3.0,1.0,6.0,6.0,0.0,3.0,1.0,0.0,0.0,0.0,0.0,0.0,0.0,0.0,ATTACK,1.5,0.29999999999999893,2,opponent,43
3.0,0.375,0.5,3.0,1.0,6.0,6.0,0.0,3.0,1.0,0.0,0.0,0.0,0.0,0.0,0.0,0.0,ATTACK,6.5,-2.2,3,opponent,43
4.0,0.375,1.0,3.0,0.0,5.0,6.0,0.0,3.0,1.0,0.0,0.0,0.0,0.0,0.0,0.0,0.0,ATTACK,1.5,0.2999999999999998,4,opponent,43
5.0,1.0,0.5714285714285714,2.0,0.0,5.0,5.0,0.0,3.0,0.0,0.0,0.0,1.0,0.0,0.0,0.0,0.0,PLAY_SUPPORTER,0.4,0.0,5,opponent,43
6.0,0.9166666666666666,0.5714285714285714,2.0,0.0,5.0,5.0,0.0,2.0,0.0,0.0,0.0,1.0,0.0,0.0,0.0,0.0,PLAY_SUPPORTER,0.4,0.0,6,opponent,43
7.0,0.8333333333333334,0.5714285714285714,2.0,0.0,5.0,5.0,0.0,1.0,0.0,1.0,0.0,0.0,0.0,0.0,0.0,0.0,RETREAT,-0.1,0.0,7,opponent,43
8.0,1.0,0.5714285714285714,2.0,0.0,5.0,5.0,0.0,1.0,0.0,0.0,0.0,1.0,0.0,0.0,0.0,0.0,PLAY_SUPPORTER,0.4,0.0,8,opponent,43
9.0,0.6666666666666666,0.5714285714285714,2.0,0.0,5.0,5.0,0.0,0.0,0.0,0.0,0.0,0.0,0.0,0.0,0.0,1.0,PASS_TURN,0.0,0.0,9,opponent,43
10.0,0.5,0.5714285714285714,2.0,0.0,5.0,5.0,0.0,0.0,0.0,0.0,0.0,0.0,0.0,0.0,0.0,1.0,PASS_TURN,0.0,0.0,10,opponent,43
11.0,0.25,0.5714285714285714,2.0,0.0,5.0,5.0,0.0,0.0,0.0,1.0,0.0,0.0,0.0,0.0,0.0,0.0,RETREAT,-0.1,0.0,11,opponent,43
12.0,0.5833333333333334,0.5714285714285714,2.0,0.0,5.0,5.0,0.0,0.0,0.0,0.0,0.0,0.0,0.0,0.0,0.0,1.0,PASS_TURN,0.0,0.0,12,opponent,43
13.0,0.3333333333333333,0.5714285714285714,2.0,0.0,5.0,5.0,0.0,0.0,0.0,0.0,0.0,0.0,0.0,0.0,0.0,1.0,PASS_TURN,0.0,0.0,13,opponent,43
14.0,0.16666666666666666,0.5714285714285714,2.0,0.0,5.0,5.0,0.0,0.0,0.0,1.0,0.0,0.0,0.0,0.0,0.0,0.0,RETREAT,-0.1,0.0,14,opponent,43
15.0,0.08333333333333333,0.5714285714285714,2.0,0.0,5.0,5.0,0.0,0.0,0.0,0.0,0.0,0.0,0.0,0.0,0.0,1.0,PASS_TURN,0.0,0.0,15,opponent,43
16.0,0.16666666666666666,0.5714285714285714,1.0,0.0,5.0,4.0,0.0,0.0,0.0,1.0,0.0,0.0,0.0,0.0,0.0,0.0,RETREAT,-0.1,0.0,16,opponent,43
17.0,0.8571428571428571,0.5714285714285714,1.0,0.0,5.0,4.0,0.0,0.0,0.0,0.0,0.0,0.0,0.0,0.0,0.0,1.0,PASS_TURN,0.0,0.0,17,opponent,43
18.0,0.7142857142857143,0.5714285714285714,1.0,0.0,5.0,4.0,0.0,0.0,0.0,0.0,0.0,0.0,0.0,0.0,0.0,1.0,PASS_TURN,0.0,0.0,18,opponent,43
19.0,0.6428571428571429,0.5714285714285714,1.0,0.0,5.0,4.0,0.0,0.0,0.0,0.0,0.0,0.0,0.0,0.0,0.0,1.0,PASS_TURN,0.0,0.0,19,opponent,43
20.0,0.6428571428571429,0.5714285714285714,1.0,0.0,5.0,4.0,0.0,0.0,0.0,0.0,0.0,0.0,0.0,0.0,0.0,1.0,PASS_TURN,0.0,0.0,20,opponent,43
21.0,0.35714285714285715,0.5714285714285714,1.0,0.0,5.0,4.0,0.0,0.0,0.0,0.0,0.0,0.0,0.0,0.0,0.0,1.0,PASS_TURN,0.0,0.0,21,opponent,43
22.0,0.07142857142857142,0.5714285714285714,1.0,0.0,5.0,4.0,0.0,0.0,0.0,1.0,0.0,0.0,0.0,0.0,0.0,0.0,RETREAT,-0.1,0.0,22,opponent,43
23.0,0.08333333333333333,0.5714285714285714,1.0,0.0,5.0,4.0,0.0,0.0,0.0,1.0,0.0,0.0,0.0,0.0,0.0,0.0,RETREAT,-0.1,0.0,23,opponent,43
24.0,0.08333333333333333,0.5714285714285714,0.0,0.0,5.0,3.0,0.0,0.0,0.0,0.0,0.0,0.0,0.0,0.0,0.0,1.0,PASS_TURN,0.0,0.0,24,opponent,43
1.0,1.0,1.0,0.0,1.0,6.0,6.0,3.0,6.0,0.0,0.0,1.0,0.0,0.0,0.0,0.0,0.0,ATTACH_ENERGY,0.3,0.7000000000000001,1,opponent,44
2.0,0.6666666666666666,1.0,0.0,1.0,6.0,6.0,2.0,6.0,0.0,0.0,1.0,0.0,0.0,0.0,0.0,0.0,ATTACH_ENERGY,0.3,0.7000000000000001,2,opponent,44
3.0,0.5,1.0,0.0,1.0,6.0,6.0,1.0,6.0,0.0,0.0,1.0,0.0,0.0,0.0,0.0,0.0,ATTACH_ENERGY,0.3,0.7000000000000002,3,opponent,44
4.0,0.25,1.0,0.0,1.0,6.0,6.0,0.0,6.0,1.0,0.0,0.0,0.0,0.0,0.0,0.0,0.0,ATTACK,12.0,-1.7999999999999998,4,opponent,44
1.0,1.0,1.0,2.0,1.0,6.0,6.0,1.0,4.0,0.0,0.0,1.0,0.0,0.0,0.0,0.0,0.0,ATTACH_ENERGY,0.3,0.7000000000000002,1,opponent,45
2.0,0.6,1.0,2.0,1.0,6.0,6.0,0.0,4.0,1.0,0.0,0.0,0.0,0.0,0.0,0.0,0.0,ATTACK,1.5,0.2999999999999994,2,opponent,45
3.0,0.2,0.625,2.0,1.0,6.0,6.0,0.0,4.0,1.0,0.0,0.0,0.0,0.0,0.0,0.0,0.0,ATTACK,1.5,0.30000000000000027,3,opponent,45
4.0,1.0,0.25,1.0,1.0,6.0,5.0,0.0,4.0,0.0,0.0,0.0,1.0,0.0,0.0,0.0,0.0,PLAY_SUPPORTER,0.4,0.0,4,opponent,45
5.0,0.6666666666666666,0.25,1.0,1.0,6.0,5.0,0.0,3.0,0.0,0.0,0.0,1.0,0.0,0.0,0.0,0.0,PLAY_SUPPORTER,0.4,0.0,5,opponent,45
6.0,0.3333333333333333,0.25,1.0,1.0,6.0,5.0,0.0,2.0,0.0,0.0,0.0,1.0,0.0,0.0,0.0,0.0,PLAY_SUPPORTER,0.4,0.0,6,opponent,45
7.0,0.25,0.25,1.0,1.0,6.0,5.0,0.0,1.0,0.0,1.0,0.0,0.0,0.0,0.0,0.0,0.0,RETREAT,-0.1,0.0,7,opponent,45
8.0,0.7142857142857143,0.25,1.0,1.0,6.0,5.0,0.0,1.0,0.0,0.0,0.0,1.0,0.0,0.0,0.0,0.0,PLAY_SUPPORTER,0.4,0.0,8,opponent,45
9.0,0.42857142857142855,0.25,1.0,1.0,6.0,5.0,0.0,0.0,0.0,0.0,0.0,0.0,0.0,0.0,0.0,1.0,PASS_TURN,0.0,0.0,9,opponent,45
10.0,0.42857142857142855,0.25,1.0,1.0,6.0,5.0,0.0,0.0,0.0,0.0,0.0,0.0,0.0,0.0,0.0,1.0,PASS_TURN,0.0,0.0,10,opponent,45
11.0,0.2857142857142857,0.25,1.0,1.0,6.0,5.0,0.0,0.0,0.0,1.0,0.0,0.0,0.0,0.0,0.0,0.0,RETREAT,-0.1,0.0,11,opponent,45
12.0,0.2857142857142857,0.25,0.0,1.0,6.0,4.0,0.0,0.0,0.0,0.0,0.0,0.0,0.0,0.0,0.0,1.0,PASS_TURN,0.0,0.0,12,opponent,45
13.0,0.2857142857142857,0.25,0.0,1.0,6.0,4.0,0.0,0.0,0.0,0.0,0.0,0.0,0.0,0.0,0.0,1.0,PASS_TURN,0.0,0.0,13,opponent,45
1.0,1.0,1.0,0.0,2.0,6.0,6.0,3.0,5.0,0.0,0.0,1.0,0.0,0.0,0.0,0.0,0.0,ATTACH_ENERGY,0.3,0.6999999999999997,1,opponent,46
2.0,0.5555555555555556,1.0,0.0,2.0,6.0,6.0,2.0,5.0,1.0,0.0,0.0,0.0,0.0,0.0,0.0,0.0,ATTACK,1.5,0.2999999999999998,2,opponent,46
3.0,0.2222222222222222,0.5,0.0,2.0,6.0,6.0,2.0,5.0,1.0,0.0,0.0,0.0,0.0,0.0,0.0,0.0,ATTACK,6.5,-2.1999999999999993,3,opponent,46
4.0,0.1111111111111111,1.0,0.0,1.0,5.0,6.0,2.0,5.0,0.0,0.0,0.0,0.0,0.0,0.0,0.0,1.0,PASS_TURN,0.0,0.0,4,opponent,46
1.0,1.0,1.0,1.0,0.0,6.0,6.0,1.0,6.0,0.0,0.0,1.0,0.0,0.0,0.0,0.0,0.0,ATTACH_ENERGY,0.3,0.7000000000000002,1,opponent,47
2.0,0.625,1.0,1.0,0.0,6.0,6.0,0.0,6.0,1.0,0.0,0.0,0.0,0.0,0.0,0.0,0.0,ATTACK,0.5,0.09999999999999964,2,opponent,47
3.0,0.25,0.875,1.0,0.0,6.0,6.0,0.0,6.0,0.0,1.0,0.0,0.0,0.0,0.0,0.0,0.0,RETREAT,-0.1,0.0,3,opponent,47
4.0,0.8571428571428571,0.875,1.0,0.0,6.0,6.0,0.0,6.0,0.0,0.0,0.0,0.0,1.0,0.0,0.0,0.0,PLAY_BASIC_TO_BENCH,0.2,1.7999999999999998,4,opponent,47
5.0,0.8571428571428571,0.875,2.0,0.0,6.0,6.0,0.0,5.0,0.0,0.0,0.0,0.0,0.0,0.0,0.0,1.0,PASS_TURN,0.0,0.0,5,opponent,47
6.0,0.8571428571428571,0.875,2.0,0.0,6.0,6.0,0.0,5.0,0.0,0.0,0.0,1.0,0.0,0.0,0.0,0.0,PLAY_SUPPORTER,0.4,0.0,6,opponent,47
7.0,0.7142857142857143,0.875,2.0,0.0,6.0,6.0,0.0,4.0,0.0,0.0,0.0,1.0,0.0,0.0,0.0,0.0,PLAY_SUPPORTER,0.4,0.0,7,opponent,47
8.0,0.5,0.875,2.0,0.0,6.0,6.0,0.0,3.0,0.0,0.0,0.0,1.0,0.0,0.0,0.0,0.0,PLAY_SUPPORTER,0.4,0.0,8,opponent,47
9.0,0.42857142857142855,0.875,2.0,0.0,6.0,6.0,0.0,2.0,0.0,0.0,0.0,1.0,0.0,0.0,0.0,0.0,PLAY_SUPPORTER,0.4,0.0,9,opponent,47
10.0,0.21428571428571427,0.875,2.0,0.0,6.0,6.0,0.0,1.0,0.0,0.0,0.0,1.0,0.0,0.0,0.0,0.0,PLAY_SUPPORTER,0.4,0.0,10,opponent,47
11.0,0.07142857142857142,0.875,2.0,0.0,6.0,6.0,0.0,0.0,0.0,0.0,0.0,0.0,0.0,0.0,0.0,1.0,PASS_TURN,0.0,0.0,11,opponent,47
12.0,0.25,0.875,1.0,0.0,6.0,5.0,0.0,0.0,0.0,1.0,0.0,0.0,0.0,0.0,0.0,0.0,RETREAT,-0.1,0.0,12,opponent,47
13.0,0.5555555555555556,0.875,1.0,0.0,6.0,5.0,0.0,0.0,0.0,0.0,0.0,0.0,0.0,0.0,0.0,1.0,PASS_TURN,0.0,0.0,13,opponent,47
14.0,0.3333333333333333,0.875,1.0,0.0,6.0,5.0,0.0,0.0,0.0,0.0,0.0,0.0,0.0,0.0,0.0,1.0,PASS_TURN,0.0,0.0,14,opponent,47
15.0,0.25,0.875,0.0,0.0,6.0,4.0,0.0,0.0,0.0,0.0,0.0,0.0,0.0,0.0,0.0,1.0,PASS_TURN,0.0,0.0,15,opponent,47
1.0,1.0,1.0,1.0,0.0,6.0,6.0,0.0,3.0,0.0,0.0,0.0,1.0,0.0,0.0,0.0,0.0,PLAY_SUPPORTER,0.4,0.0,1,opponent,48
2.0,0.5555555555555556,1.0,1.0,0.0,6.0,6.0,0.0,2.0,0.0,1.0,0.0,0.0,0.0,0.0,0.0,0.0,RETREAT,-0.1,0.0,2,opponent,48
3.0,0.3333333333333333,1.0,1.0,0.0,6.0,6.0,0.0,2.0,0.0,0.0,0.0,0.0,1.0,0.0,0.0,0.0,PLAY_BASIC_TO_BENCH,0.2,2.1,3,opponent,48
4.0,0.5555555555555556,1.0,1.0,0.0,6.0,5.0,0.0,1.0,0.0,0.0,0.0,1.0,0.0,0.0,0.0,0.0,PLAY_SUPPORTER,0.4,0.0,4,opponent,48
5.0,0.1111111111111111,1.0,1.0,0.0,6.0,5.0,0.0,0.0,0.0,1.0,0.0,0.0,0.0,0.0,0.0,0.0,RETREAT,-0.1,0.0,5,opponent,48
6.0,1.0,1.0,1.0,0.0,6.0,5.0,0.0,0.0,0.0,0.0,0.0,0.0,0.0,0.0,0.0,1.0,PASS_TURN,0.0,0.0,6,opponent,48
7.0,0.8333333333333334,1.0,1.0,0.0,6.0,5.0,0.0,0.0,0.0,0.0,0.0,0.0,0.0,0.0,0.0,1.0,PASS_TURN,0.0,0.0,7,opponent,48
8.0,0.8333333333333334,1.0,1.0,0.0,6.0,5.0,0.0,0.0,0.0,0.0,0.0,0.0,0.0,0.0,0.0,1.0,PASS_TURN,0.0,0.0,8,opponent,48
9.0,0.5833333333333334,1.0,1.0,0.0,6.0,5.0,0.0,0.0,0.0,0.0,0.0,0.0,0.0,0.0,0.0,1.0,PASS_TURN,0.0,0.0,9,opponent,48
10.0,0.4166666666666667,1.0,1.0,0.0,6.0,5.0,0.0,0.0,0.0,0.0,0.0,0.0,0.0,0.0,0.0,1.0,PASS_TURN,0.0,0.0,10,opponent,48
11.0,0.25,1.0,1.0,0.0,6.0,5.0,0.0,0.0,0.0,1.0,0.0,0.0,0.0,0.0,0.0,0.0,RETREAT,-0.1,0.0,11,opponent,48
12.0,0.25,1.0,0.0,0.0,6.0,4.0,0.0,0.0,0.0,0.0,0.0,0.0,0.0,0.0,0.0,1.0,PASS_TURN,0.0,0.0,12,opponent,48
13.0,0.16666666666666666,1.0,0.0,0.0,6.0,4.0,0.0,0.0,0.0,0.0,0.0,0.0,0.0,0.0,0.0,1.0,PASS_TURN,0.0,0.0,13,opponent,48
14.0,0.16666666666666666,1.0,0.0,0.0,6.0,4.0,0.0,0.0,0.0,0.0,0.0,0.0,0.0,0.0,0.0,1.0,PASS_TURN,0.0,0.0,14,opponent,48
15.0,0.08333333333333333,1.0,0.0,0.0,6.0,4.0,0.0,0.0,0.0,0.0,0.0,0.0,0.0,0.0,0.0,1.0,PASS_TURN,0.0,0.0,15,opponent,48
1.0,1.0,1.0,0.0,3.0,6.0,6.0,0.0,4.0,0.0,0.0,0.0,1.0,0.0,0.0,0.0,0.0,PLAY_SUPPORTER,0.4,0.0,1,opponent,49
2.0,0.9285714285714286,1.0,0.0,3.0,6.0,6.0,0.0,3.0,0.0,0.0,0.0,1.0,0.0,0.0,0.0,0.0,PLAY_SUPPORTER,0.4,0.0,2,opponent,49
3.0,0.7857142857142857,1.0,0.0,3.0,6.0,6.0,0.0,2.0,0.0,0.0,0.0,1.0,0.0,0.0,0.0,0.0,PLAY_SUPPORTER,0.4,0.0,3,opponent,49
4.0,0.6428571428571429,1.0,0.0,3.0,6.0,6.0,0.0,1.0,0.0,0.0,0.0,1.0,0.0,0.0,0.0,0.0,PLAY_SUPPORTER,0.4,0.0,4,opponent,49
5.0,0.6428571428571429,1.0,0.0,3.0,6.0,6.0,0.0,0.0,0.0,0.0,0.0,0.0,0.0,0.0,0.0,1.0,PASS_TURN,0.0,0.0,5,opponent,49
6.0,0.6428571428571429,1.0,0.0,3.0,6.0,6.0,0.0,0.0,0.0,0.0,0.0,0.0,0.0,0.0,0.0,1.0,PASS_TURN,0.0,0.0,6,opponent,49
7.0,0.6428571428571429,1.0,0.0,3.0,6.0,6.0,0.0,0.0,0.0,0.0,0.0,0.0,0.0,0.0,0.0,1.0,PASS_TURN,0.0,0.0,7,opponent,49
8.0,0.6428571428571429,1.0,0.0,3.0,6.0,6.0,0.0,0.0,0.0,0.0,0.0,0.0,0.0,0.0,0.0,1.0,PASS_TURN,0.0,0.0,8,opponent,49
9.0,0.6428571428571429,1.0,0.0,3.0,6.0,6.0,0.0,0.0,0.0,0.0,0.0,0.0,0.0,0.0,0.0,1.0,PASS_TURN,0.0,0.0,9,opponent,49
10.0,0.6428571428571429,1.0,0.0,3.0,6.0,6.0,0.0,0.0,0.0,0.0,0.0,0.0,0.0,0.0,0.0,1.0,PASS_TURN,0.0,0.0,10,opponent,49
11.0,0.6428571428571429,1.0,0.0,3.0,6.0,6.0,0.0,0.0,0.0,0.0,0.0,0.0,0.0,0.0,0.0,1.0,PASS_TURN,0.0,0.0,11,opponent,49
12.0,0.42857142857142855,1.0,0.0,3.0,6.0,6.0,0.0,0.0,0.0,0.0,0.0,0.0,0.0,0.0,0.0,1.0,PASS_TURN,0.0,0.0,12,opponent,49
13.0,0.21428571428571427,1.0,0.0,3.0,6.0,6.0,0.0,0.0,0.0,0.0,0.0,0.0,0.0,0.0,0.0,1.0,PASS_TURN,0.0,0.0,13,opponent,49
